JOB CODE,Compensation Grade,MIN,MID,MAX,FLSA,Job Class ID
71415,A00,$0.00,$0.00,$0.00,EXEMPT,P06
71416,A00,$0.00,$0.00,$0.00,EXEMPT,P06
71417,A00,$0.00,$0.00,$0.00,EXEMPT,P06
60012,A01,$40.13,$50.16,$60.19,NON-EXEMPT,P06
71580,A01,$40.13,$50.16,$60.19,EXEMPT,P06
71400,A02,$42.13,$52.67,$63.20,EXEMPT,P06
71404,A02,$42.13,$52.67,$63.20,EXEMPT,P06
71405,A02,$42.13,$52.67,$63.20,EXEMPT,P06
71406,A02,$42.13,$52.67,$63.20,EXEMPT,P06
71420,A02,$42.13,$52.67,$63.20,NON-EXEMPT,P06
71421,A02,$42.13,$52.67,$63.20,NON-EXEMPT,P06
71424,A02,$42.13,$52.67,$63.20,NON-EXEMPT,P06
71464,A02,$42.13,$52.67,$63.20,EXEMPT,P06
71465,A02,$42.13,$52.67,$63.20,EXEMPT,P06
71409,A03,$44.14,$55.18,$66.21,EXEMPT,P06
71407,A04,$46.35,$57.94,$69.53,EXEMPT,P06
71408,A04,$46.35,$57.94,$69.53,EXEMPT,P65
71412,A04,$46.35,$57.94,$69.53,EXEMPT,P62
71422,A04,$46.35,$57.94,$69.53,NON-EXEMPT,P65
71423,A04,$46.35,$57.94,$69.53,NON-EXEMPT,P62
71425,A04,$46.35,$57.94,$69.53,NON-EXEMPT,P06
71469,A04,$46.35,$57.94,$69.53,EXEMPT,P06
51588,A05,$48.55,$60.69,$72.83,EXEMPT,SA1
71414,A05,$48.55,$60.69,$72.83,EXEMPT,P66
71584,A05,$48.55,$60.69,$72.83,EXEMPT,P64
71585,A05,$48.55,$60.69,$72.83,EXEMPT,P64
71592,A05,$48.55,$60.69,$72.83,EXEMPT,P06
71593,A05,$48.55,$60.69,$72.83,EXEMPT,P06
71495,A08,$56.21,$70.26,$84.31,EXEMPT,P06
71411,A09,$59.02,$73.77,$88.53,EXEMPT,P61
71579,A09,$59.02,$73.77,$88.53,EXEMPT,P06
71413,A11,$65.07,$81.34,$97.60,EXEMPT,P61
60204,C06,$17.10,$22.24,$27.36,NON-EXEMPT,P46
60704,C06,$17.10,$22.24,$27.36,NON-EXEMPT,P46
60776,C07,$17.96,$23.35,$28.73,NON-EXEMPT,P46
60821,C09,$19.80,$25.74,$31.68,NON-EXEMPT,P46
69000,C09,$19.80,$25.74,$31.68,EXEMPT,P07
50775,C12,$22.92,$29.80,$36.67,NON-EXEMPT,SP1
60900,C13,$24.07,$31.29,$38.51,NON-EXEMPT,P08
60997,C13,$24.07,$31.29,$38.51,NON-EXEMPT,P08
68331,C13,$24.07,$31.29,$38.51,EXEMPT,P08
68334,C13,$24.07,$31.29,$38.51,NON-EXEMPT,P08
60453,C14,$25.27,$32.85,$40.43,NON-EXEMPT,P08
60977,C14,$25.27,$32.85,$40.43,NON-EXEMPT,P07
68267,C14,$25.27,$32.85,$40.43,NON-EXEMPT,P08
51385,C15,$26.53,$34.49,$42.45,NON-EXEMPT,SR1
60111,C15,$26.53,$34.49,$42.45,NON-EXEMPT,P08
60211,C15,$26.53,$34.49,$42.45,NON-EXEMPT,P08
60917,C15,$26.53,$34.49,$42.45,NON-EXEMPT,P08
60954,C15,$26.53,$34.49,$42.45,NON-EXEMPT,P08
61566,C15,$26.53,$34.49,$42.45,NON-EXEMPT,P46
60215,C16,$27.86,$36.22,$44.58,NON-EXEMPT,P08
60937,C16,$27.86,$36.22,$44.58,NON-EXEMPT,P08
61557,C16,$27.86,$36.22,$44.58,NON-EXEMPT,N29
61564,C16,$27.86,$36.22,$44.58,NON-EXEMPT,N29
61765,C16,$27.86,$36.22,$44.58,NON-EXEMPT,P08
64917,C16,$27.86,$36.22,$44.58,NON-EXEMPT,P08
69002,C16,$27.86,$36.22,$44.58,EXEMPT,P07
68266,C17,$29.25,$38.03,$46.80,NON-EXEMPT,P08
69132,C17,$29.25,$38.03,$46.80,NON-EXEMPT,P07
51189,C18,$30.72,$39.93,$49.15,NON-EXEMPT,SP1
51190,C18,$30.72,$39.93,$49.15,NON-EXEMPT,SP1
54924,C18,$30.72,$39.93,$49.15,EXEMPT,SP1
60109,C18,$30.72,$39.93,$49.15,NON-EXEMPT,P08
60112,C18,$30.72,$39.93,$49.15,NON-EXEMPT,P08
60114,C18,$30.72,$39.93,$49.15,NON-EXEMPT,P08
60209,C18,$30.72,$39.93,$49.15,NON-EXEMPT,P08
60212,C18,$30.72,$39.93,$49.15,NON-EXEMPT,P08
60214,C18,$30.72,$39.93,$49.15,NON-EXEMPT,P08
60216,C18,$30.72,$39.93,$49.15,NON-EXEMPT,P07
60217,C18,$30.72,$39.93,$49.15,NON-EXEMPT,P07
60722,C18,$30.72,$39.93,$49.15,EXEMPT,P08
60919,C18,$30.72,$39.93,$49.15,NON-EXEMPT,P08
60921,C18,$30.72,$39.93,$49.15,NON-EXEMPT,P08
60923,C18,$30.72,$39.93,$49.15,NON-EXEMPT,P08
60928,C18,$30.72,$39.93,$49.15,NON-EXEMPT,P08
60984,C18,$30.72,$39.93,$49.15,NON-EXEMPT,P07
60985,C18,$30.72,$39.93,$49.15,NON-EXEMPT,P07
61025,C18,$30.72,$39.93,$49.15,NON-EXEMPT,P07
61026,C18,$30.72,$39.93,$49.15,NON-EXEMPT,P07
61027,C18,$30.72,$39.93,$49.15,NON-EXEMPT,P07
61064,C18,$30.72,$39.93,$49.15,NON-EXEMPT,P08
61134,C18,$30.72,$39.93,$49.15,NON-EXEMPT,P08
61625,C18,$30.72,$39.93,$49.15,NON-EXEMPT,N29
61725,C18,$30.72,$39.93,$49.15,NON-EXEMPT,P07
61836,C18,$30.72,$39.93,$49.15,NON-EXEMPT,P07
61921,C18,$30.72,$39.93,$49.15,NON-EXEMPT,P08
68918,C18,$30.72,$39.93,$49.15,NON-EXEMPT,P08
68919,C18,$30.72,$39.93,$49.15,NON-EXEMPT,P08
51305,C19,$32.25,$41.93,$51.60,NON-EXEMPT,SP1
51334,C19,$32.25,$41.93,$51.60,EXEMPT,SP1
60113,C19,$32.25,$41.93,$51.60,NON-EXEMPT,P08
60213,C19,$32.25,$41.93,$51.60,NON-EXEMPT,P08
60218,C19,$32.25,$41.93,$51.60,NON-EXEMPT,P07
60226,C19,$32.25,$41.93,$51.60,NON-EXEMPT,P07
60374,C19,$32.25,$41.93,$51.60,NON-EXEMPT,P07
60915,C19,$32.25,$41.93,$51.60,NON-EXEMPT,P07
60924,C19,$32.25,$41.93,$51.60,NON-EXEMPT,P08
60930,C19,$32.25,$41.93,$51.60,NON-EXEMPT,P08
61004,C19,$32.25,$41.93,$51.60,NON-EXEMPT,P09
61136,C19,$32.25,$41.93,$51.60,NON-EXEMPT,P07
61690,C19,$32.25,$41.93,$51.60,EXEMPT,P22
62602,C19,$32.25,$41.93,$51.60,NON-EXEMPT,P09
62930,C19,$32.25,$41.93,$51.60,NON-EXEMPT,P08
64919,C19,$32.25,$41.93,$51.60,NON-EXEMPT,P08
64921,C19,$32.25,$41.93,$51.60,NON-EXEMPT,P08
64923,C19,$32.25,$41.93,$51.60,NON-EXEMPT,P08
64928,C19,$32.25,$41.93,$51.60,NON-EXEMPT,P08
64937,C19,$32.25,$41.93,$51.60,NON-EXEMPT,P08
51670,C20,$33.86,$44.02,$54.18,EXEMPT,SP1
60224,C20,$33.86,$44.02,$54.18,NON-EXEMPT,P07
60225,C20,$33.86,$44.02,$54.18,NON-EXEMPT,P07
60376,C20,$33.86,$44.02,$54.18,EXEMPT,P46
60459,C20,$33.86,$44.02,$54.18,NON-EXEMPT,P09
60995,C20,$33.86,$44.02,$54.18,NON-EXEMPT,P07
60996,C20,$33.86,$44.02,$54.18,NON-EXEMPT,P07
61288,C20,$33.86,$44.02,$54.18,NON-EXEMPT,P07
64924,C20,$33.86,$44.02,$54.18,NON-EXEMPT,P08
63176,C21,$35.56,$46.23,$56.90,EXEMPT,P07
51727,C22,$37.34,$48.54,$59.74,NON-EXEMPT,SP1
61323,C22,$37.34,$48.54,$59.74,EXEMPT,P09
51697,C23,$39.20,$50.96,$62.76,NON-EXEMPT,SP1
51726,C23,$39.20,$50.96,$62.76,NON-EXEMPT,SP1
54925,C23,$39.20,$50.96,$62.76,EXEMPT,SP1
69113,C25,$43.22 ,$56.19 ,69.15,EXEMPT,P07
61465,C28,$50.03,$65.04,$80.05,EXEMPT,P09
62306,C28,$50.03,$65.04,$80.05,NON-EXEMPT,P09
90001,CNT,$0.00,$0.00,$0.00,NON-EXEMPT,CL1
90002,CNT,$0.00,$0.00,$0.00,NON-EXEMPT,CNT
90004,CNT,$0.00,$0.00,$0.00,NON-EXEMPT,CNT
90014,CNT,$0.00,$0.00,$0.00,NON-EXEMPT,CD2
90108,CNT,$0.00,$0.00,$0.00,NON-EXEMPT,CSM
90174,CNT,$0.00,$0.00,$0.00,NON-EXEMPT,CL1
90316,CNT,$0.00,$0.00,$0.00,NON-EXEMPT,CNT
90421,CNT,$0.00,$0.00,$0.00,NON-EXEMPT,CSV
90428,CNT,$0.00,$0.00,$0.00,NON-EXEMPT,CSV
90429,CNT,$0.00,$0.00,$0.00,NON-EXEMPT,CNT
90437,CNT,$0.00,$0.00,$0.00,NON-EXEMPT,CSV
90462,CNT,$0.00,$0.00,$0.00,NON-EXEMPT,CSD
90471,CNT,$0.00,$0.00,$0.00,NON-EXEMPT,CSV
90480,CNT,$0.00,$0.00,$0.00,NON-EXEMPT,CNT
90502,CNT,$0.00,$0.00,$0.00,NON-EXEMPT,CSV
90507,CNT,$0.00,$0.00,$0.00,NON-EXEMPT,CD2
90509,CNT,$0.00,$0.00,$0.00,NON-EXEMPT,CN2
90534,CNT,$0.00,$0.00,$0.00,NON-EXEMPT,CN7
90539,CNT,$0.00,$0.00,$0.00,NON-EXEMPT,CP0
90540,CNT,$0.00,$0.00,$0.00,NON-EXEMPT,CN7
90601,CNT,$0.00,$0.00,$0.00,NON-EXEMPT,CN5
90602,CNT,$0.00,$0.00,$0.00,NON-EXEMPT,CNT
90619,CNT,$0.00,$0.00,$0.00,NON-EXEMPT,CSV
90620,CNT,$0.00,$0.00,$0.00,NON-EXEMPT,CSS
90675,CNT,$0.00,$0.00,$0.00,NON-EXEMPT,CNT
90701,CNT,$0.00,$0.00,$0.00,NON-EXEMPT,CNT
90704,CNT,$0.00,$0.00,$0.00,NON-EXEMPT,CN7
90710,CNT,$0.00,$0.00,$0.00,NON-EXEMPT,CP0
90724,CNT,$0.00,$0.00,$0.00,NON-EXEMPT,CL1
90730,CNT,$0.00,$0.00,$0.00,NON-EXEMPT,CNT
90741,CNT,$0.00,$0.00,$0.00,NON-EXEMPT,CSD
90742,CNT,$0.00,$0.00,$0.00,NON-EXEMPT,CSV
90743,CNT,$0.00,$0.00,$0.00,NON-EXEMPT,CSV
90744,CNT,$0.00,$0.00,$0.00,NON-EXEMPT,CSV
90745,CNT,$0.00,$0.00,$0.00,NON-EXEMPT,CSV
90746,CNT,$0.00,$0.00,$0.00,NON-EXEMPT,CSM
90781,CNT,$0.00,$0.00,$0.00,NON-EXEMPT,CSV
90792,CNT,$0.00,$0.00,$0.00,NON-EXEMPT,CR6
90817,CNT,$0.00,$0.00,$0.00,NON-EXEMPT,CNT
90822,CNT,$0.00,$0.00,$0.00,NON-EXEMPT,CP1
90832,CNT,$0.00,$0.00,$0.00,NON-EXEMPT,CSC
90834,CNT,$0.00,$0.00,$0.00,NON-EXEMPT,CP0
90838,CNT,$0.00,$0.00,$0.00,NON-EXEMPT,CSS
90841,CNT,$0.00,$0.00,$0.00,NON-EXEMPT,CNT
90848,CNT,$0.00,$0.00,$0.00,NON-EXEMPT,CSD
90878,CNT,$0.00,$0.00,$0.00,NON-EXEMPT,CNT
90909,CNT,$0.00,$0.00,$0.00,NON-EXEMPT,CNT
90917,CNT,$0.00,$0.00,$0.00,NON-EXEMPT,CP8
90921,CNT,$0.00,$0.00,$0.00,NON-EXEMPT,CP8
90923,CNT,$0.00,$0.00,$0.00,NON-EXEMPT,CP8
90924,CNT,$0.00,$0.00,$0.00,NON-EXEMPT,CNT
90995,CNT,$0.00,$0.00,$0.00,NON-EXEMPT,CP7
91005,CNT,$0.00,$0.00,$0.00,NON-EXEMPT,CP6
91025,CNT,$0.00,$0.00,$0.00,NON-EXEMPT,CP7
91042,CNT,$0.00,$0.00,$0.00,NON-EXEMPT,CSM
91070,CNT,$0.00,$0.00,$0.00,NON-EXEMPT,CR6
91071,CNT,$0.00,$0.00,$0.00,NON-EXEMPT,CEI
91136,CNT,$0.00,$0.00,$0.00,NON-EXEMPT,CP8
91151,CNT,$0.00,$0.00,$0.00,NON-EXEMPT,CR6
91201,CNT,$0.00,$0.00,$0.00,NON-EXEMPT,CNT
91202,CNT,$0.00,$0.00,$0.00,NON-EXEMPT,CNT
91216,CNT,$0.00,$0.00,$0.00,NON-EXEMPT,CNT
91238,CNT,$0.00,$0.00,$0.00,NON-EXEMPT,CNT
91250,CNT,$0.00,$0.00,$0.00,NON-EXEMPT,CSC
91271,CNT,$0.00,$0.00,$0.00,NON-EXEMPT,CNT
91297,CNT,$0.00,$0.00,$0.00,NON-EXEMPT,CSC
91314,CNT,$0.00,$0.00,$0.00,NON-EXEMPT,CSM
91338,CNT,$0.00,$0.00,$0.00,NON-EXEMPT,CSV
91371,CNT,$0.00,$0.00,$0.00,NON-EXEMPT,CEI
91399,CNT,$0.00,$0.00,$0.00,NON-EXEMPT,CNT
91408,CNT,$0.00,$0.00,$0.00,NON-EXEMPT,CR1
91420,CNT,$0.00,$0.00,$0.00,NON-EXEMPT,CR6
91439,CNT,$0.00,$0.00,$0.00,NON-EXEMPT,CM2
91465,CNT,$0.00,$0.00,$0.00,NON-EXEMPT,CNT
91503,CNT,$0.00,$0.00,$0.00,NON-EXEMPT,CNT
91518,CNT,$0.00,$0.00,$0.00,NON-EXEMPT,CNT
91527,CNT,$0.00,$0.00,$0.00,NON-EXEMPT,CSD
91547,CNT,$0.00,$0.00,$0.00,NON-EXEMPT,CD1
91559,CNT,$0.00,$0.00,$0.00,NON-EXEMPT,CSM
91562,CNT,$0.00,$0.00,$0.00,NON-EXEMPT,CNT
91616,CNT,$0.00,$0.00,$0.00,NON-EXEMPT,CSM
91626,CNT,$0.00,$0.00,$0.00,NON-EXEMPT,CD2
91643,CNT,$0.00,$0.00,$0.00,NON-EXEMPT,CNT
91647,CNT,$0.00,$0.00,$0.00,NON-EXEMPT,CD1
91652,CNT,$0.00,$0.00,$0.00,NON-EXEMPT,CNT
91701,CNT,$0.00,$0.00,$0.00,NON-EXEMPT,CNT
91710,CNT,$0.00,$0.00,$0.00,NON-EXEMPT,CNT
91764,CNT,$0.00,$0.00,$0.00,NON-EXEMPT,CNT
91790,CNT,$0.00,$0.00,$0.00,NON-EXEMPT,CNT
91816,CNT,$0.00,$0.00,$0.00,NON-EXEMPT,CD2
91822,CNT,$0.00,$0.00,$0.00,NON-EXEMPT,CNT
91858,CNT,$0.00,$0.00,$0.00,NON-EXEMPT,CNT
91904,CNT,$0.00,$0.00,$0.00,NON-EXEMPT,CSC
92010,CNT,$0.00,$0.00,$0.00,NON-EXEMPT,CM7
92892,CNT,$0.00,$0.00,$0.00,NON-EXEMPT,CNT
96000,CNT,$0.00,$0.00,$0.00,NON-EXEMPT,CSC
96001,CNT,$0.00,$0.00,$0.00,NON-EXEMPT,CSC
96002,CNT,$0.00,$0.00,$0.00,NON-EXEMPT,CP4
98266,CNT,$0.00,$0.00,$0.00,NON-EXEMPT,CNT
10001,E01,$0.00,$0.00,$0.00,EXEMPT,PR1
10015,E01,$0.00,$0.00,$0.00,EXEMPT,PR2
10016,E01,$0.00,$0.00,$0.00,EXEMPT,PR2
10017,E01,$0.00,$0.00,$0.00,EXEMPT,PR2
10021,E01,$0.00,$0.00,$0.00,EXEMPT,PR2
10023,E01,$0.00,$0.00,$0.00,EXEMPT,PR2
18005,E01,$0.00,$0.00,$0.00,EXEMPT,PR2
20002,E01,$0.00,$0.00,$0.00,EXEMPT,V01
20011,E01,$0.00,$0.00,$0.00,EXEMPT,V01
20012,E01,$0.00,$0.00,$0.00,EXEMPT,V01
20013,E01,$0.00,$0.00,$0.00,EXEMPT,V01
20014,E01,$0.00,$0.00,$0.00,EXEMPT,V01
20017,E01,$0.00,$0.00,$0.00,EXEMPT,V01
20018,E01,$0.00,$0.00,$0.00,EXEMPT,V01
20019,E01,$0.00,$0.00,$0.00,EXEMPT,V01
20020,E01,$0.00,$0.00,$0.00,EXEMPT,V01
20022,E01,$0.00,$0.00,$0.00,EXEMPT,V01
20024,E01,$0.00,$0.00,$0.00,EXEMPT,V01
20026,E01,$0.00,$0.00,$0.00,EXEMPT,V01
20027,E01,$0.00,$0.00,$0.00,EXEMPT,V01
20029,E01,$0.00,$0.00,$0.00,EXEMPT,V01
20031,E01,$0.00,$0.00,$0.00,EXEMPT,V01
20032,E01,$0.00,$0.00,$0.00,EXEMPT,V01
20033,E01,$0.00,$0.00,$0.00,EXEMPT,V01
20034,E01,$0.00,$0.00,$0.00,EXEMPT,V01
20035,E01,$0.00,$0.00,$0.00,EXEMPT,V02
20036,E01,$0.00,$0.00,$0.00,EXEMPT,V01
20037,E01,$0.00,$0.00,$0.00,EXEMPT,V01
21775,E01,$0.00,$0.00,$0.00,EXEMPT,V01
21832,E01,$0.00,$0.00,$0.00,EXEMPT,V01
22030,E01,$0.00,$0.00,$0.00,EXEMPT,V01
28004,E01,$0.00,$0.00,$0.00,EXEMPT,V01
28006,E01,$0.00,$0.00,$0.00,EXEMPT,V01
72000,E01,$0.00,$0.00,$0.00,EXEMPT,P15
72001,E01,$0.00,$0.00,$0.00,EXEMPT,P15
72003,E01,$0.00,$0.00,$0.00,EXEMPT,P44
72007,E01,$0.00,$0.00,$0.00,EXEMPT,D06
72010,E01,$0.00,$0.00,$0.00,EXEMPT,MP
72011,E01,$0.00,$0.00,$0.00,EXEMPT,P15
72013,E01,$0.00,$0.00,$0.00,EXEMPT,D06
72014,E01,$0.00,$0.00,$0.00,EXEMPT,MP
72015,E01,$0.00,$0.00,$0.00,EXEMPT,MP
72016,E01,$0.00,$0.00,$0.00,EXEMPT,MP
64450,I04,$18.45,$22.87,$30.44,NON-EXEMPT,N10
60584,I08,$22.42,$27.80,$37.00,NON-EXEMPT,N10
60585,I10,$24.72,$30.65,$40.79,NON-EXEMPT,N10
60393,I11,$25.96,$32.19,$42.83,NON-EXEMPT,N10
60574,I12,$27.26,$33.80,$44.97,EXEMPT,N10
61298,I12,$27.26,$33.80,$44.97,NON-EXEMPT,N10
51164,I13,$28.62,$35.49,$47.22,EXEMPT,S01
60845,I13,$28.62,$35.49,$47.22,EXEMPT,N02
60590,I14,$30.86 ,$38.28 ,$50.94 ,EXEMPT,N10
61287,I14,$30.86 ,$38.28 ,$50.94 ,EXEMPT,N10
61518,I14,$30.86 ,$38.28 ,$50.94 ,EXEMPT,N10
61626,I14,$30.86 ,$38.28 ,$50.94 ,EXEMPT,N10
61637,I14,$30.86 ,$38.28 ,$50.94 ,EXEMPT,N10
61851,I14,$30.86 ,$38.28 ,$50.94 ,NON-EXEMPT,N14
61858,I14,$30.86 ,$38.28 ,$50.94 ,EXEMPT,N10
63347,I14,$30.86 ,$38.28 ,$50.94 ,EXEMPT,N10
61814,I15,$32.40 ,$40.19 ,$53.45 ,EXEMPT,N10
61291,I16,$33.10,$41.08,$54.66,NON-EXEMPT,N10
63341,I16,$33.10,$41.08,$54.66,EXEMPT,N10
63348,I16,$33.10,$41.08,$54.66,EXEMPT,N10
60602,I17,$34.79,$43.13,$57.40,EXEMPT,N10
61393,I17,$34.79,$43.13,$57.40,EXEMPT,N10
61491,I17,$34.79,$43.13,$57.40,EXEMPT,N10
61850,I17,$34.79,$43.13,$57.40,EXEMPT,N10
61486,I18,$36.52,$45.29,$60.27,EXEMPT,N10
61523,I18,$36.52,$45.29,$60.27,EXEMPT,N10
61630,I18,$36.52,$45.29,$60.27,EXEMPT,N10
61640,I18,$36.52,$45.29,$60.27,EXEMPT,N10
61676,I18,$36.52,$45.29,$60.27,EXEMPT,N10
63349,I18,$36.52,$45.29,$60.27,EXEMPT,N10
63358,I18,$36.52,$45.29,$60.27,EXEMPT,N10
60639,I19,$38.35,$47.55,$63.28,EXEMPT,N10
61394,I19,$38.35,$47.55,$63.28,EXEMPT,N10
61397,I19,$38.35,$47.55,$63.28,EXEMPT,N10
61489,I19,$38.35,$47.55,$63.28,EXEMPT,N10
61490,I19,$38.35,$47.55,$63.28,EXEMPT,N10
61627,I19,$38.35,$47.55,$63.28,EXEMPT,N10
61658,I19,$38.35,$47.55,$63.28,EXEMPT,N10
65573,I19,$38.35,$47.55,$63.28,EXEMPT,N10
60394,I20,$40.27,$49.93,$66.44,EXEMPT,N10
61487,I20,$40.27,$49.93,$66.44,EXEMPT,N10
61505,I20,$40.27,$49.93,$66.44,EXEMPT,N10
61525,I20,$40.27,$49.93,$66.44,EXEMPT,N10
61631,I20,$40.27,$49.93,$66.44,EXEMPT,N10
61638,I20,$40.27,$49.93,$66.44,EXEMPT,N10
61641,I20,$40.27,$49.93,$66.44,EXEMPT,N10
61642,I20,$40.27,$49.93,$66.44,EXEMPT,N10
61698,I20,$40.27,$49.93,$66.44,EXEMPT,N10
61794,I20,$40.27,$49.93,$66.44,EXEMPT,N10
61863,I20,$40.27,$49.93,$66.44,EXEMPT,N10
65574,I20,$40.27,$49.93,$66.44,EXEMPT,N10
61396,I21,$42.33,$52.49,$69.85,EXEMPT,N10
61522,I21,$42.33,$52.49,$69.85,EXEMPT,N10
61617,I21,$42.33,$52.49,$69.85,EXEMPT,N10
61628,I21,$42.33,$52.49,$69.85,EXEMPT,N10
61659,I21,$42.33,$52.49,$69.85,EXEMPT,N10
61735,I21,$42.33,$52.49,$69.85,EXEMPT,N10
63343,I21,$42.33,$52.49,$69.85,EXEMPT,N10
63346,I21,$42.33,$52.49,$69.85,EXEMPT,N10
61521,I22,$44.40,$55.05,$73.25,EXEMPT,N10
61524,I22,$44.40,$55.05,$73.25,EXEMPT,N10
61764,I22,$44.40,$55.05,$73.25,EXEMPT,N10
61815,I22,$44.40,$55.05,$73.25,EXEMPT,N10
63338,I22,$44.40,$55.05,$73.25,EXEMPT,N10
63342,I22,$44.40,$55.05,$73.25,EXEMPT,N10
61493,I23,$46.62,$57.80,$76.92,EXEMPT,N10
61520,I23,$46.62,$57.80,$76.92,EXEMPT,N10
61629,I23,$46.62,$57.80,$76.92,EXEMPT,N10
61632,I23,$46.62,$57.80,$76.92,EXEMPT,N10
61745,I23,$46.62,$57.80,$76.92,EXEMPT,N10
63344,I23,$46.62,$57.80,$76.92,EXEMPT,N10
63440,I23,$46.62,$57.80,$76.92,EXEMPT,N10
54929,I24,$48.95,$60.69,$80.76,EXEMPT,S01
61528,I24,$48.95,$60.69,$80.76,EXEMPT,N10
61646,I24,$48.95,$60.69,$80.76,EXEMPT,N10
63345,I24,$48.95,$60.69,$80.76,EXEMPT,N10
61737,I25,$51.39,$63.72,$84.79,EXEMPT,N10
30000,M01,,,,NON-EXEMPT,D01
41205,M04,$27.61,$34.52,$41.42,EXEMPT,M01
48330,M04,$27.61,$34.52,$41.42,EXEMPT,M01
49106,M04,$27.61,$34.52,$41.42,EXEMPT,M01
41893,M05,$29.82,$37.28,$44.73,EXEMPT,M01
48278,M05,$29.82,$37.28,$44.73,EXEMPT,M01
48340,M05,$29.82,$37.28,$44.73,EXEMPT,M01
41406,M06,$32.21,$40.26,$48.31,EXEMPT,M01
41409,M06,$32.21,$40.26,$48.31,EXEMPT,M01
41626,M06,$32.21,$40.26,$48.31,EXEMPT,M01
41688,M06,$32.21,$40.26,$48.31,EXEMPT,M01
41694,M06,$32.21,$40.26,$48.31,EXEMPT,M01
41755,M06,$32.21,$40.26,$48.31,EXEMPT,M01
41887,M06,$32.21,$40.26,$48.31,EXEMPT,M01
41889,M06,$32.21,$40.26,$48.31,EXEMPT,M01
48227,M06,$32.21,$40.26,$48.31,EXEMPT,M01
48350,M06,$32.21,$40.26,$48.31,EXEMPT,M01
49107,M06,$32.21,$40.26,$48.31,EXEMPT,M01
40065,M07,$34.78,$43.48,$52.18,EXEMPT,M01
40655,M07,$34.78,$43.48,$52.18,EXEMPT,M01
40886,M07,$34.78,$43.48,$52.18,EXEMPT,M01
40887,M07,$34.78,$43.48,$52.18,EXEMPT,M01
40888,M07,$34.78,$43.48,$52.18,EXEMPT,M01
41410,M07,$34.78,$43.48,$52.18,EXEMPT,M01
41427,M07,$34.78,$43.48,$52.18,EXEMPT,MP1
41515,M07,$34.78,$43.48,$52.18,EXEMPT,M01
41559,M07,$34.78,$43.48,$52.18,EXEMPT,M01
41629,M07,$34.78,$43.48,$52.18,EXEMPT,M01
41856,M07,$34.78,$43.48,$52.18,EXEMPT,M01
41886,M07,$34.78,$43.48,$52.18,EXEMPT,M01
41895,M07,$34.78,$43.48,$52.18,EXEMPT,MR1
48228,M07,$34.78,$43.48,$52.18,EXEMPT,M01
41401,M08,$37.57,$46.96,$56.35,EXEMPT,MP1
41439,M08,$37.57,$46.96,$56.35,EXEMPT,M01
41458,M08,$37.57,$46.96,$56.35,EXEMPT,MP1
41874,M08,$37.57,$46.96,$56.35,EXEMPT,M01
41883,M08,$37.57,$46.96,$56.35,EXEMPT,MP1
48249,M08,$37.57,$46.96,$56.35,EXEMPT,M01
48268,M08,$37.57,$46.96,$56.35,EXEMPT,M01
48309,M08,$37.57,$46.96,$56.35,EXEMPT,M01
48329,M08,$37.57,$46.96,$56.35,EXEMPT,M01
31531,M09,$40.57,$50.72,$60.86,EXEMPT,D01
40068,M09,$40.57,$50.72,$60.86,EXEMPT,MR1
40550,M09,$40.57,$50.72,$60.86,EXEMPT,M01
40575,M09,$40.57,$50.72,$60.86,EXEMPT,M01
41010,M09,$40.57,$50.72,$60.86,EXEMPT,M01
41026,M09,$40.57,$50.72,$60.86,EXEMPT,M01
41238,M09,$40.57,$50.72,$60.86,EXEMPT,M01
41290,M09,$40.57,$50.72,$60.86,EXEMPT,MP1
41420,M09,$40.57,$50.72,$60.86,EXEMPT,M01
41506,M09,$40.57,$50.72,$60.86,EXEMPT,M01
41560,M09,$40.57,$50.72,$60.86,EXEMPT,M01
41597,M09,$40.57,$50.72,$60.86,EXEMPT,M01
41616,M09,$40.57,$50.72,$60.86,EXEMPT,M01
41737,M09,$40.57,$50.72,$60.86,EXEMPT,MR1
41752,M09,$40.57,$50.72,$60.86,EXEMPT,M01
41780,M09,$40.57,$50.72,$60.86,EXEMPT,M01
41896,M09,$40.57,$50.72,$60.86,EXEMPT,M01
41996,M09,$40.57,$50.72,$60.86,EXEMPT,M01
42360,M09,$40.57,$50.72,$60.86,EXEMPT,M01
48308,M09,$40.57,$50.72,$60.86,EXEMPT,M01
48311,M09,$40.57,$50.72,$60.86,EXEMPT,M01
49134,M09,$40.57,$50.72,$60.86,EXEMPT,M01
31786,M10,$43.82,$54.77,$65.73,EXEMPT,D01
31842,M10,$43.82,$54.77,$65.73,EXEMPT,D01
31849,M10,$43.82,$54.77,$65.73,EXEMPT,D01
31852,M10,$43.82,$54.77,$65.73,EXEMPT,D01
41239,M10,$43.82,$54.77,$65.73,EXEMPT,M01
41348,M10,$43.82,$54.77,$65.73,EXEMPT,M01
41400,M10,$43.82,$54.77,$65.73,EXEMPT,M01
41413,M10,$43.82,$54.77,$65.73,EXEMPT,M01
41414,M10,$43.82,$54.77,$65.73,EXEMPT,M01
41456,M10,$43.82,$54.77,$65.73,EXEMPT,M01
41483,M10,$43.82,$54.77,$65.73,EXEMPT,M01
41610,M10,$43.82,$54.77,$65.73,EXEMPT,M01
41655,M10,$43.82,$54.77,$65.73,EXEMPT,M01
41760,M10,$43.82,$54.77,$65.73,EXEMPT,M01
41851,M10,$43.82,$54.77,$65.73,EXEMPT,M01
41885,M10,$43.82,$54.77,$65.73,EXEMPT,M01
41994,M10,$43.82,$54.77,$65.73,EXEMPT,MP1
31533,M11,$47.32,$59.15,$70.99,EXEMPT,D01
40067,M11,$47.32,$59.15,$70.99,EXEMPT,MR1
40586,M11,$47.32,$59.15,$70.99,EXEMPT,MP1
40892,M11,$47.32,$59.15,$70.99,EXEMPT,M01
41062,M11,$47.32,$59.15,$70.99,EXEMPT,M01
41403,M11,$47.32,$59.15,$70.99,EXEMPT,M01
41407,M11,$47.32,$59.15,$70.99,EXEMPT,MP1
41435,M11,$47.32,$59.15,$70.99,EXEMPT,MP1
41436,M11,$47.32,$59.15,$70.99,EXEMPT,MP1
41451,M11,$47.32,$59.15,$70.99,EXEMPT,M01
41625,M11,$47.32,$59.15,$70.99,EXEMPT,M01
41636,M11,$47.32,$59.15,$70.99,EXEMPT,M01
41656,M11,$47.32,$59.15,$70.99,EXEMPT,M01
41727,M11,$47.32,$59.15,$70.99,EXEMPT,M01
41744,M11,$47.32,$59.15,$70.99,EXEMPT,M01
41781,M11,$47.32,$59.15,$70.99,EXEMPT,MR1
41788,M11,$47.32,$59.15,$70.99,EXEMPT,M01
41789,M11,$47.32,$59.15,$70.99,EXEMPT,M01
41790,M11,$47.32,$59.15,$70.99,EXEMPT,MR1
41850,M11,$47.32,$59.15,$70.99,EXEMPT,M01
41852,M11,$47.32,$59.15,$70.99,EXEMPT,M01
41879,M11,$47.32,$59.15,$70.99,EXEMPT,M01
41880,M11,$47.32,$59.15,$70.99,EXEMPT,MP1
41881,M11,$47.32,$59.15,$70.99,EXEMPT,MP1
41882,M11,$47.32,$59.15,$70.99,EXEMPT,MP1
49105,M11,$47.32,$59.15,$70.99,EXEMPT,MR1
31313,M12,$51.11,$63.89,$76.66,EXEMPT,DP1
31400,M12,$51.11,$63.89,$76.66,EXEMPT,D01
38103,M12,$51.11,$63.89,$76.66,EXEMPT,D01
38332,M12,$51.11,$63.89,$76.66,EXEMPT,DR1
41338,M12,$51.11,$63.89,$76.66,EXEMPT,MP1
41339,M12,$51.11,$63.89,$76.66,EXEMPT,MP1
41340,M12,$51.11,$63.89,$76.66,EXEMPT,MP1
41341,M12,$51.11,$63.89,$76.66,EXEMPT,MP1
41349,M12,$51.11,$63.89,$76.66,EXEMPT,M01
41368,M12,$51.11,$63.89,$76.66,EXEMPT,MR1
41430,M12,$51.11,$63.89,$76.66,EXEMPT,M01
41566,M12,$51.11,$63.89,$76.66,EXEMPT,MR1
41754,M12,$51.11,$63.89,$76.66,EXEMPT,MR1
41785,M12,$51.11,$63.89,$76.66,EXEMPT,M01
41859,M12,$51.11,$63.89,$76.66,EXEMPT,M01
41878,M12,$51.11,$63.89,$76.66,EXEMPT,MP1
41990,M12,$51.11,$63.89,$76.66,EXEMPT,M01
42194,M12,$51.11,$63.89,$76.66,EXEMPT,M01
48229,M12,$51.11,$63.89,$76.66,EXEMPT,M01
30003,M13,$55.20,$69.00,$82.80,EXEMPT,D01
30009,M13,$55.20,$69.00,$82.80,EXEMPT,D01
30803,M13,$55.20,$69.00,$82.80,EXEMPT,D01
31364,M13,$55.20,$69.00,$82.80,EXEMPT,D01
31414,M13,$55.20,$69.00,$82.80,EXEMPT,D01
31422,M13,$55.20,$69.00,$82.80,EXEMPT,D01
31428,M13,$55.20,$69.00,$82.80,EXEMPT,DP1
31521,M13,$55.20,$69.00,$82.80,EXEMPT,D01
31522,M13,$55.20,$69.00,$82.80,EXEMPT,D01
31614,M13,$55.20,$69.00,$82.80,EXEMPT,DP1
31686,M13,$55.20,$69.00,$82.80,EXEMPT,D01
31701,M13,$55.20,$69.00,$82.80,EXEMPT,D01
31764,M13,$55.20,$69.00,$82.80,EXEMPT,D01
31799,M13,$55.20,$69.00,$82.80,EXEMPT,D01
31850,M13,$55.20,$69.00,$82.80,EXEMPT,D01
31853,M13,$55.20,$69.00,$82.80,EXEMPT,D01
31856,M13,$55.20,$69.00,$82.80,EXEMPT,D01
38201,M13,$55.20,$69.00,$82.80,EXEMPT,D01
38202,M13,$55.20,$69.00,$82.80,EXEMPT,D01
38271,M13,$55.20,$69.00,$82.80,EXEMPT,D01
38279,M13,$55.20,$69.00,$82.80,EXEMPT,D01
39101,M13,$55.20,$69.00,$82.80,EXEMPT,D01
40587,M13,$55.20,$69.00,$82.80,EXEMPT,MR1
40588,M13,$55.20,$69.00,$82.80,EXEMPT,MR1
41152,M13,$55.20,$69.00,$82.80,EXEMPT,M01
41405,M13,$55.20,$69.00,$82.80,EXEMPT,MR1
41460,M13,$55.20,$69.00,$82.80,EXEMPT,MR1
41504,M13,$55.20,$69.00,$82.80,EXEMPT,M01
41505,M13,$55.20,$69.00,$82.80,EXEMPT,MR1
41508,M13,$55.20,$69.00,$82.80,EXEMPT,M01
41516,M13,$55.20,$69.00,$82.80,EXEMPT,M01
41561,M13,$55.20,$69.00,$82.80,EXEMPT,M01
41590,M13,$55.20,$69.00,$82.80,EXEMPT,MR1
41619,M13,$55.20,$69.00,$82.80,EXEMPT,M01
41690,M13,$55.20,$69.00,$82.80,EXEMPT,MR1
41726,M13,$55.20,$69.00,$82.80,EXEMPT,M01
41729,M13,$55.20,$69.00,$82.80,EXEMPT,M01
41730,M13,$55.20,$69.00,$82.80,EXEMPT,M01
41731,M13,$55.20,$69.00,$82.80,EXEMPT,M01
41745,M13,$55.20,$69.00,$82.80,EXEMPT,MR1
41747,M13,$55.20,$69.00,$82.80,Exempt,MR1
41753,M13,$55.20,$69.00,$82.80,EXEMPT,MR1
41759,M13,$55.20,$69.00,$82.80,EXEMPT,MR1
41861,M13,$55.20,$69.00,$82.80,EXEMPT,M01
41891,M13,$55.20,$69.00,$82.80,EXEMPT,MR1
48310,M13,$55.20,$69.00,$82.80,EXEMPT,MR1
30004,M14,$59.61,$74.52,$89.42,EXEMPT,D01
30116,M14,$59.61,$74.52,$89.42,EXEMPT,DR1
30117,M14,$59.61,$74.52,$89.42,EXEMPT,DR1
31032,M14,$59.61,$74.52,$89.42,EXEMPT,D01
31349,M14,$59.61,$74.52,$89.42,EXEMPT,D01
31506,M14,$59.61,$74.52,$89.42,EXEMPT,D01
31536,M14,$59.61,$74.52,$89.42,EXEMPT,D01
31545,M14,$59.61,$74.52,$89.42,EXEMPT,DP1
31551,M14,$59.61,$74.52,$89.42,EXEMPT,DP1
31553,M14,$59.61,$74.52,$89.42,EXEMPT,DP1
31589,M14,$59.61,$74.52,$89.42,EXEMPT,D01
31609,M14,$59.61,$74.52,$89.42,EXEMPT,D01
31662,M14,$59.61,$74.52,$89.42,EXEMPT,DP1
31703,M14,$59.61,$74.52,$89.42,EXEMPT,D01
31765,M14,$59.61,$74.52,$89.42,EXEMPT,D01
31784,M14,$59.61,$74.52,$89.42,EXEMPT,D01
31796,M14,$59.61,$74.52,$89.42,EXEMPT,D01
31798,M14,$59.61,$74.52,$89.42,EXEMPT,DR1
31811,M14,$59.61,$74.52,$89.42,EXEMPT,D01
31823,M14,$59.61,$74.52,$89.42,EXEMPT,D01
31841,M14,$59.61,$74.52,$89.42,EXEMPT,DR1
31854,M14,$59.61,$74.52,$89.42,EXEMPT,D01
34064,M14,$59.61,$74.52,$89.42,EXEMPT,D01
38104,M14,$59.61,$74.52,$89.42,EXEMPT,D01
38330,M14,$59.61,$74.52,$89.42,EXEMPT,D01
39107,M14,$59.61,$74.52,$89.42,EXEMPT,DR1
41602,M14,$59.61,$74.52,$89.42,EXEMPT,MR1
41643,M14,$59.61,$74.52,$89.42,EXEMPT,MR1
41693,M14,$59.61,$74.52,$89.42,EXEMPT,MR1
41897,M14,$59.61,$74.52,$89.42,EXEMPT,MR1
48307,M14,$59.61,$74.52,$89.42,EXEMPT,MR1
30001,M15,$64.38,$80.48,$96.57,EXEMPT,D01
30002,M15,$64.38,$80.48,$96.57,EXEMPT,D01
30005,M15,$64.38,$80.48,$96.57,EXEMPT,D01
30006,M15,$64.38,$80.48,$96.57,EXEMPT,D02
30900,M15,$64.38,$80.48,$96.57,EXEMPT,D01
31083,M15,$64.38,$80.48,$96.57,EXEMPT,D01
31410,M15,$64.38,$80.48,$96.57,EXEMPT,D01
31412,M15,$64.38,$80.48,$96.57,EXEMPT,D01
31413,M15,$64.38,$80.48,$96.57,EXEMPT,D01
31418,M15,$64.38,$80.48,$96.57,EXEMPT,D01
31523,M15,$64.38,$80.48,$96.57,EXEMPT,D01
31530,M15,$64.38,$80.48,$96.57,EXEMPT,D01
31546,M15,$64.38,$80.48,$96.57,EXEMPT,D01
31552,M15,$64.38,$80.48,$96.57,EXEMPT,DP1
31611,M15,$64.38,$80.48,$96.57,EXEMPT,D01
31647,M15,$64.38,$80.48,$96.57,EXEMPT,D01
31710,M15,$64.38,$80.48,$96.57,EXEMPT,DR1
31741,M15,$64.38,$80.48,$96.57,EXEMPT,D01
31744,M15,$64.38,$80.48,$96.57,EXEMPT,D01
31757,M15,$64.38,$80.48,$96.57,EXEMPT,DR1
31768,M15,$64.38,$80.48,$96.57,EXEMPT,D01
31769,M15,$64.38,$80.48,$96.57,EXEMPT,D01
31787,M15,$64.38,$80.48,$96.57,EXEMPT,D01
31801,M15,$64.38,$80.48,$96.57,EXEMPT,D02
31808,M15,$64.38,$80.48,$96.57,EXEMPT,DR1
31810,M15,$64.38,$80.48,$96.57,EXEMPT,D02
31813,M15,$64.38,$80.48,$96.57,EXEMPT,D01
31814,M15,$64.38,$80.48,$96.57,EXEMPT,D01
31829,M15,$64.38,$80.48,$96.57,EXEMPT,DP1
31832,M15,$64.38,$80.48,$96.57,EXEMPT,D01
31848,M15,$64.38,$80.48,$96.57,EXEMPT,DR1
31901,M15,$64.38,$80.48,$96.57,EXEMPT,D01
31902,M15,$64.38,$80.48,$96.57,EXEMPT,D01
38304,M15,$64.38,$80.48,$96.57,EXEMPT,D01
39000,M15,$64.38,$80.48,$96.57,EXEMPT,D01
41304,M15,$64.38,$80.48,$96.57,EXEMPT,MP1
41875,M15,$64.38,$80.48,$96.57,EXEMPT,MP1
30028,M16,$69.53,$86.92,$104.30,EXEMPT,D03
30035,M16,$69.53,$86.92,$104.30,EXEMPT,D03
31415,M16,$69.53,$86.92,$104.30,EXEMPT,D01
31547,M16,$69.53,$86.92,$104.30,EXEMPT,D01
31549,M16,$69.53,$86.92,$104.30,EXEMPT,D01
31556,M16,$69.53,$86.92,$104.30,EXEMPT,D03
31615,M16,$69.53,$86.92,$104.30,EXEMPT,D01
31618,M16,$69.53,$86.92,$104.30,EXEMPT,DR1
31702,M16,$69.53,$86.92,$104.30,EXEMPT,D02
31709,M16,$69.53,$86.92,$104.30,EXEMPT,DR1
31747,M16,$69.53,$86.92,$104.30,EXEMPT,D01
31788,M16,$69.53,$86.92,$104.30,EXEMPT,D02
31797,M16,$69.53,$86.92,$104.30,EXEMPT,DR1
31822,M16,$69.53,$86.92,$104.30,EXEMPT,D01
31827,M16,$69.53,$86.92,$104.30,EXEMPT,D01
31831,M16,$69.53,$86.92,$104.30,EXEMPT,D01
31900,M16,$69.53,$86.92,$104.30,EXEMPT,D01
38233,M16,$69.53,$86.92,$104.30,EXEMPT,D02
38313,M16,$69.53,$86.92,$104.30,EXEMPT,D02
31557,M17,$75.10,$93.87,$112.64,EXEMPT,D01
31568,M17,$75.10,$93.87,$112.64,EXEMPT,D02
31631,M17,$75.10,$93.87,$112.64,EXEMPT,D01
31803,M17,$75.10,$93.87,$112.64,EXEMPT,D02
31818,M17,$75.10,$93.87,$112.64,EXEMPT,D02
31824,M17,$75.10,$93.87,$112.64,EXEMPT,D02
31836,M17,$75.10,$93.87,$112.64,EXEMPT,D01
31839,M17,$75.10,$93.87,$112.64,EXEMPT,D01
38210,M17,$75.10,$93.87,$112.64,EXEMPT,D01
38312,M17,$75.10,$93.87,$112.64,EXEMPT,D02
41555,M17,$75.10,$93.87,$112.64,EXEMPT,MP1
31420,M18,$81.10,$101.38,$121.66,EXEMPT,D03
31488,M18,$81.10,$101.38,$121.66,EXEMPT,DR1
31569,M18,$81.10,$101.38,$121.66,EXEMPT,D02
31590,M18,$81.10,$101.38,$121.66,EXEMPT,D02
31629,M18,$81.10,$101.38,$121.66,EXEMPT,D03
31802,M18,$81.10,$101.38,$121.66,EXEMPT,D03
31805,M18,$81.10,$101.38,$121.66,EXEMPT,DP1
31809,M18,$81.10,$101.38,$121.66,EXEMPT,D03
31812,M18,$81.10,$101.38,$121.66,EXEMPT,D03
31819,M18,$81.10,$101.38,$121.66,EXEMPT,D03
31820,M18,$81.10,$101.38,$121.66,EXEMPT,D03
31837,M18,$81.10,$101.38,$121.66,EXEMPT,D02
32000,M18,$81.10,$101.38,$121.66,EXEMPT,DR1
38200,M18,$81.10,$101.38,$121.66,EXEMPT,DR1
30014,M19,$87.59,$109.49,$131.39,EXEMPT,D02
30025,M19,$87.59,$109.49,$131.39,EXEMPT,D02
31558,M19,$87.59,$109.49,$131.39,EXEMPT,D02
31592,M19,$87.59,$109.49,$131.39,EXEMPT,D03
31604,M19,$87.59,$109.49,$131.39,EXEMPT,D02
31626,M19,$87.59,$109.49,$131.39,EXEMPT,D03
31817,M19,$87.59,$109.49,$131.39,EXEMPT,D02
31601,M20,$94.60,$118.25,$141.90,EXEMPT,D02
31706,M20,$94.60,$118.25,$141.90,EXEMPT,D02
31707,M20,$94.60,$118.25,$141.90,EXEMPT,D02
31828,M20,$94.60,$118.25,$141.90,EXEMPT,D02
31843,M20,$94.60,$118.25,$141.90,EXEMPT,D02
31734,M21,$102.17,$127.71,$153.25,EXEMPT,D02
31835,M21,$102.17,$127.71,$153.25,EXEMPT,D03
31844,M22,$110.34,$137.93,$165.51,EXEMPT,D02
31804,M23,$119.17,$148.96,$178.75,EXEMPT,D03
72008,M24,$128.70,$160.88,$193.05,EXEMPT,DMD
72017,M24,$128.70,$160.88,$193.05,NON-EXEMPT,DMD
72029,M24,$128.70,$160.88,$193.05,EXEMPT,D07
72501,MD1,$26.44,$33.05,$39.66,EXEMPT,P60
72502,MD2,$26.44,$33.05,$39.66,EXEMPT,P60
72503,MD3,$26.44,$33.05,$39.66,EXEMPT,P60
72504,MD4,$26.44,$33.05,$39.66,EXEMPT,P60
72514,MD4,$26.44,$33.05,$39.66,EXEMPT,P60
72505,MD5,$26.44,$33.05,$39.66,EXEMPT,P60
72515,MD5,$26.44,$33.05,$39.66,EXEMPT,P60
72506,MD6,$26.44,$33.05,$39.66,EXEMPT,P60
72516,MD6,$26.44,$33.05,$39.66,EXEMPT,P60
72507,MD7,$26.44,$33.05,$39.66,EXEMPT,P60
72509,MD7,$26.44,$33.05,$39.66,EXEMPT,P60
72517,MD7,$26.44,$33.05,$39.66,EXEMPT,P60
72508,MD8,$26.44,$33.05,$39.66,EXEMPT,P60
72518,MD8,$26.44,$33.05,$39.66,EXEMPT,P60
89000,NE1,$0.00,$0.00,$0.00,NON-EXEMPT,AH1
89001,NE1,$0.00,$0.00,$0.00,NON-EXEMPT,AH2
89002,NE1,$0.00,$0.00,$0.00,NON-EXEMPT,AH3
89003,NE1,$0.00,$0.00,$0.00,NON-EXEMPT,AH3
89004,NE1,$0.00,$0.00,$0.00,NON-EXEMPT,AH4
89006,NE1,$0.00,$0.00,$0.00,NON-EXEMPT,AH6
89007,NE1,$0.00,$0.00,$0.00,NON-EXEMPT,AH7
89010,NE1,$0.00,$0.00,$0.00,NON-EXEMPT,AH9
60663,R04,$28.70,$38.75,$48.79,NON-EXEMPT,R07
61062,R04,$28.70,$38.75,$48.79,EXEMPT,R55
61067,R04,$28.70,$38.75,$48.79,NON-EXEMPT,R06
61088,R04,$28.70,$38.75,$48.79,NON-EXEMPT,R06
62062,R04,$28.70,$38.75,$48.79,NON-EXEMPT,R55
68121,R04,$28.70,$38.75,$48.79,NON-EXEMPT,R06
68319,R04,$28.70,$38.75,$48.79,NON-EXEMPT,R06
68321,R04,$28.70,$38.75,$48.79,NON-EXEMPT,R06
69108,R04,$28.70,$38.75,$48.79,NON-EXEMPT,R06
69121,R04,$28.70,$38.75,$48.79,NON-EXEMPT,R06
60594,R06,$30.63,$41.35,$52.07,EXEMPT,R22
61006,R06,$30.63,$41.35,$52.07,NON-EXEMPT,R06
61128,R06,$30.63,$41.35,$52.07,EXEMPT,R07
61499,R06,$30.63,$41.35,$52.07,EXEMPT,R06
62352,R06,$30.63,$41.35,$52.07,NON-EXEMPT,R06
62353,R06,$30.63,$41.35,$52.07,NON-EXEMPT,R06
63175,R06,$30.63,$41.35,$52.07,NON-EXEMPT,R06
69120,R06,$30.63,$41.35,$52.07,EXEMPT,R07
69133,R06,$30.63,$41.35,$52.07,EXEMPT,R07
51264,R07,$32.16,$43.42,$54.68,EXEMPT,SR1
60002,R07,$32.16,$43.42,$54.68,NON-EXEMPT,R07
60035,R07,$32.16,$43.42,$54.68,NON-EXEMPT,R06
60270,R07,$32.16,$43.42,$54.68,NON-EXEMPT,R06
60399,R07,$32.16,$43.42,$54.68,NON-EXEMPT,R06
60551,R07,$32.16,$43.42,$54.68,NON-EXEMPT,R06
60552,R07,$32.16,$43.42,$54.68,NON-EXEMPT,R06
60553,R07,$32.16,$43.42,$54.68,NON-EXEMPT,R06
60557,R07,$32.16,$43.42,$54.68,NON-EXEMPT,R06
60558,R07,$32.16,$43.42,$54.68,NON-EXEMPT,R06
60561,R07,$32.16,$43.42,$54.68,NON-EXEMPT,R06
60562,R07,$32.16,$43.42,$54.68,NON-EXEMPT,R06
60587,R07,$32.16,$43.42,$54.68,EXEMPT,R55
61002,R07,$32.16,$43.42,$54.68,NON-EXEMPT,R06
61037,R07,$32.16,$43.42,$54.68,NON-EXEMPT,R06
61070,R07,$32.16,$43.42,$54.68,NON-EXEMPT,R06
61071,R07,$32.16,$43.42,$54.68,NON-EXEMPT,R06
61075,R07,$32.16,$43.42,$54.68,NON-EXEMPT,R09
61076,R07,$32.16,$43.42,$54.68,NON-EXEMPT,R06
61081,R07,$32.16,$43.42,$54.68,NON-EXEMPT,R06
61085,R07,$32.16,$43.42,$54.68,NON-EXEMPT,R09
61086,R07,$32.16,$43.42,$54.68,NON-EXEMPT,R06
61087,R07,$32.16,$43.42,$54.68,NON-EXEMPT,R06
61090,R07,$32.16,$43.42,$54.68,NON-EXEMPT,R06
61091,R07,$32.16,$43.42,$54.68,NON-EXEMPT,R06
61095,R07,$32.16,$43.42,$54.68,NON-EXEMPT,R09
61114,R07,$32.16,$43.42,$54.68,EXEMPT,R07
61127,R07,$32.16,$43.42,$54.68,NON-EXEMPT,R06
61130,R07,$32.16,$43.42,$54.68,NON-EXEMPT,R06
61137,R07,$32.16,$43.42,$54.68,NON-EXEMPT,R06
61138,R07,$32.16,$43.42,$54.68,NON-EXEMPT,R06
61140,R07,$32.16,$43.42,$54.68,NON-EXEMPT,R06
61143,R07,$32.16,$43.42,$54.68,NON-EXEMPT,R06
61151,R07,$32.16,$43.42,$54.68,NON-EXEMPT,R06
61152,R07,$32.16,$43.42,$54.68,NON-EXEMPT,R06
61171,R07,$32.16,$43.42,$54.68,NON-EXEMPT,R06
61191,R07,$32.16,$43.42,$54.68,NON-EXEMPT,R06
61207,R07,$32.16,$43.42,$54.68,NON-EXEMPT,R06
61242,R07,$32.16,$43.42,$54.68,NON-EXEMPT,R06
61314,R07,$32.16,$43.42,$54.68,EXEMPT,N25
61341,R07,$32.16,$43.42,$54.68,EXEMPT,R07
61360,R07,$32.16,$43.42,$54.68,EXEMPT,R06
61377,R07,$32.16,$43.42,$54.68,EXEMPT,R06
61420,R07,$32.16,$43.42,$54.68,NON-EXEMPT,R06
61421,R07,$32.16,$43.42,$54.68,NON-EXEMPT,R06
61422,R07,$32.16,$43.42,$54.68,NON-EXEMPT,R06
61423,R07,$32.16,$43.42,$54.68,NON-EXEMPT,R06
61424,R07,$32.16,$43.42,$54.68,NON-EXEMPT,R06
61425,R07,$32.16,$43.42,$54.68,NON-EXEMPT,R06
61426,R07,$32.16,$43.42,$54.68,NON-EXEMPT,R06
61428,R07,$32.16,$43.42,$54.68,NON-EXEMPT,R06
61429,R07,$32.16,$43.42,$54.68,NON-EXEMPT,R06
61430,R07,$32.16,$43.42,$54.68,NON-EXEMPT,R06
61432,R07,$32.16,$43.42,$54.68,NON-EXEMPT,R06
61434,R07,$32.16,$43.42,$54.68,NON-EXEMPT,R06
61435,R07,$32.16,$43.42,$54.68,NON-EXEMPT,R06
61438,R07,$32.16,$43.42,$54.68,NON-EXEMPT,R06
61439,R07,$32.16,$43.42,$54.68,NON-EXEMPT,R06
61440,R07,$32.16,$43.42,$54.68,NON-EXEMPT,R06
61441,R07,$32.16,$43.42,$54.68,NON-EXEMPT,R06
61442,R07,$32.16,$43.42,$54.68,NON-EXEMPT,R06
61443,R07,$32.16,$43.42,$54.68,NON-EXEMPT,R06
61444,R07,$32.16,$43.42,$54.68,NON-EXEMPT,R06
61445,R07,$32.16,$43.42,$54.68,NON-EXEMPT,R06
61478,R07,$32.16,$43.42,$54.68,NON-EXEMPT,R06
61479,R07,$32.16,$43.42,$54.68,NON-EXEMPT,R06
61510,R07,$32.16,$43.42,$54.68,NON-EXEMPT,R09
61571,R07,$32.16,$43.42,$54.68,NON-EXEMPT,R06
61580,R07,$32.16,$43.42,$54.68,NON-EXEMPT,R06
61677,R07,$32.16,$43.42,$54.68,EXEMPT,R06
61771,R07,$32.16,$43.42,$54.68,NON-EXEMPT,R06
61774,R07,$32.16,$43.42,$54.68,EXEMPT,R01
61837,R07,$32.16,$43.42,$54.68,NON-EXEMPT,R06
62069,R07,$32.16,$43.42,$54.68,NON-EXEMPT,R07
62171,R07,$32.16,$43.42,$54.68,NON-EXEMPT,R06
62173,R07,$32.16,$43.42,$54.68,NON-EXEMPT,R06
62174,R07,$32.16,$43.42,$54.68,NON-EXEMPT,R06
62181,R07,$32.16,$43.42,$54.68,NON-EXEMPT,R06
62191,R07,$32.16,$43.42,$54.68,NON-EXEMPT,R06
63095,R07,$32.16,$43.42,$54.68,NON-EXEMPT,R06
63096,R07,$32.16,$43.42,$54.68,NON-EXEMPT,R06
63097,R07,$32.16,$43.42,$54.68,NON-EXEMPT,R06
63098,R07,$32.16,$43.42,$54.68,NON-EXEMPT,R06
63099,R07,$32.16,$43.42,$54.68,NON-EXEMPT,R06
63100,R07,$32.16,$43.42,$54.68,NON-EXEMPT,R06
63101,R07,$32.16,$43.42,$54.68,NON-EXEMPT,R06
67071,R07,$32.16,$43.42,$54.68,NON-EXEMPT,R06
50377,R09,$35.46,$47.87,$60.28,NON-EXEMPT,SR1
51048,R09,$35.46,$47.87,$60.28,NON-EXEMPT,SP1
51134,R09,$35.46,$47.87,$60.28,EXEMPT,SR1
51250,R09,$35.46,$47.87,$60.28,EXEMPT,SR1
60003,R09,$35.46,$47.87,$60.28,NON-EXEMPT,R05
60151,R09,$35.46,$47.87,$60.28,NON-EXEMPT,R01
60160,R09,$35.46,$47.87,$60.28,NON-EXEMPT,R05
60167,R09,$35.46,$47.87,$60.28,NON-EXEMPT,R55
60259,R09,$35.46,$47.87,$60.28,EXEMPT,R04
60277,R09,$35.46,$47.87,$60.28,NON-EXEMPT,R05
60567,R09,$35.46,$47.87,$60.28,EXEMPT,R55
60593,R09,$35.46,$47.87,$60.28,EXEMPT,N25
60677,R09,$35.46,$47.87,$60.28,EXEMPT,R01
60686,R09,$35.46,$47.87,$60.28,EXEMPT,R22
60689,R09,$35.46,$47.87,$60.28,EXEMPT,R07
60941,R09,$35.46,$47.87,$60.28,EXEMPT,R05
61099,R09,$35.46,$47.87,$60.28,EXEMPT,R05
61118,R09,$35.46,$47.87,$60.28,EXEMPT,R22
61119,R09,$35.46,$47.87,$60.28,EXEMPT,R01
61141,R09,$35.46,$47.87,$60.28,EXEMPT,R07
61206,R09,$35.46,$47.87,$60.28,EXEMPT,R07
61231,R09,$35.46,$47.87,$60.28,EXEMPT,R07
61235,R09,$35.46,$47.87,$60.28,NON-EXEMPT,R55
61241,R09,$35.46,$47.87,$60.28,NON-EXEMPT,R07
61245,R09,$35.46,$47.87,$60.28,EXEMPT,R01
61249,R09,$35.46,$47.87,$60.28,EXEMPT,R55
61254,R09,$35.46,$47.87,$60.28,EXEMPT,R07
61255,R09,$35.46,$47.87,$60.28,EXEMPT,R07
61256,R09,$35.46,$47.87,$60.28,EXEMPT,R07
61271,R09,$35.46,$47.87,$60.28,EXEMPT,R06
61293,R09,$35.46,$47.87,$60.28,EXEMPT,R22
61295,R09,$35.46,$47.87,$60.28,EXEMPT,R22
61300,R09,$35.46,$47.87,$60.28,EXEMPT,R01
61302,R09,$35.46,$47.87,$60.28,EXEMPT,R22
61351,R09,$35.46,$47.87,$60.28,EXEMPT,R22
61368,R09,$35.46,$47.87,$60.28,EXEMPT,R55
61407,R09,$35.46,$47.87,$60.28,EXEMPT,R01
61408,R09,$35.46,$47.87,$60.28,EXEMPT,R01
61409,R09,$35.46,$47.87,$60.28,EXEMPT,R01
61410,R09,$35.46,$47.87,$60.28,EXEMPT,R01
61414,R09,$35.46,$47.87,$60.28,EXEMPT,R05
61477,R09,$35.46,$47.87,$60.28,EXEMPT,R05
61484,R09,$35.46,$47.87,$60.28,EXEMPT,R22
61485,R09,$35.46,$47.87,$60.28,EXEMPT,R01
61498,R09,$35.46,$47.87,$60.28,EXEMPT,R06
61504,R09,$35.46,$47.87,$60.28,EXEMPT,R55
61508,R09,$35.46,$47.87,$60.28,EXEMPT,R01
61512,R09,$35.46,$47.87,$60.28,EXEMPT,R55
61513,R09,$35.46,$47.87,$60.28,EXEMPT,R55
61562,R09,$35.46,$47.87,$60.28,EXEMPT,R07
61563,R09,$35.46,$47.87,$60.28,EXEMPT,R05
61567,R09,$35.46,$47.87,$60.28,EXEMPT,R05
61595,R09,$35.46,$47.87,$60.28,EXEMPT,N25
61603,R09,$35.46,$47.87,$60.28,NON-EXEMPT,R06
61653,R09,$35.46,$47.87,$60.28,NON-EXEMPT,R07
61667,R09,$35.46,$47.87,$60.28,EXEMPT,R22
61692,R09,$35.46,$47.87,$60.28,EXEMPT,R22
61693,R09,$35.46,$47.87,$60.28,EXEMPT,R22
61748,R09,$35.46,$47.87,$60.28,EXEMPT,R01
61750,R09,$35.46,$47.87,$60.28,EXEMPT,R01
61754,R09,$35.46,$47.87,$60.28,EXEMPT,R05
61758,R09,$35.46,$47.87,$60.28,NON-EXEMPT,R01
61762,R09,$35.46,$47.87,$60.28,EXEMPT,R05
61779,R09,$35.46,$47.87,$60.28,EXEMPT,R22
61811,R09,$35.46,$47.87,$60.28,EXEMPT,R01
61812,R09,$35.46,$47.87,$60.28,EXEMPT,R01
61878,R09,$35.46,$47.87,$60.28,EXEMPT,R55
61895,R09,$35.46,$47.87,$60.28,EXEMPT,R22
61901,R09,$35.46,$47.87,$60.28,EXEMPT,R22
61915,R09,$35.46,$47.87,$60.28,EXEMPT,R07
62151,R09,$35.46,$47.87,$60.28,NON-EXEMPT,R01
62154,R09,$35.46,$47.87,$60.28,NON-EXEMPT,R07
62193,R09,$35.46,$47.87,$60.28,EXEMPT,
62273,R09,$35.46,$47.87,$60.28,NON-EXEMPT,R05
62498,R09,$35.46,$47.87,$60.28,NON-EXEMPT,R06
62567,R09,$35.46,$47.87,$60.28,NON-EXEMPT,R55
62657,R09,$35.46,$47.87,$60.28,EXEMPT,R07
65572,R09,,,,EXEMPT,R22
65750,R09,$35.46,$47.87,$60.28,EXEMPT,R06
68242,R09,$35.46,$47.87,$60.28,EXEMPT,R22
68245,R09,$35.46,$47.87,$60.28,EXEMPT,R01
68273,R09,$35.46,$47.87,$60.28,EXEMPT,R05
68276,R09,$35.46,$47.87,$60.28,NON-EXEMPT,R05
68345,R09,$35.46,$47.87,$60.28,EXEMPT,R01
68445,R09,$35.46,$47.87,$60.28,EXEMPT,R01
51347,R10,$37.23,$50.26,$63.29,NON-EXEMPT,SP1
51373,R10,$37.23,$50.26,$63.29,EXEMPT,R10
51377,R10,$37.23,$50.26,$63.29,EXEMPT,SR1
51589,R10,$37.23,$50.26,$63.29,EXEMPT,SR1
58316,R10,$37.23,$50.26,$63.29,NON-EXEMPT,R06
60483,R10,$37.23,$50.26,$63.29,NON-EXEMPT,R22
60484,R10,$37.23,$50.26,$63.29,EXEMPT,R05
60554,R10,$37.23,$50.26,$63.29,NON-EXEMPT,R10
60555,R10,$37.23,$50.26,$63.29,NON-EXEMPT,R10
60556,R10,$37.23,$50.26,$63.29,NON-EXEMPT,R10
60687,R10,$37.23,$50.26,$63.29,EXEMPT,R22
60690,R10,$37.23,$50.26,$63.29,EXEMPT,R55
60914,R10,$37.23,$50.26,$63.29,EXEMPT,R05
61072,R10,$37.23,$50.26,$63.29,EXEMPT,R01
61306,R10,$37.23,$50.26,$63.29,NON-EXEMPT,R10
61371,R10,$37.23,$50.26,$63.29,NON-EXEMPT,R10
61373,R10,$37.23,$50.26,$63.29,NON-EXEMPT,R10
61374,R10,$37.23,$50.26,$63.29,EXEMPT,R06
61375,R10,$37.23,$50.26,$63.29,NON-EXEMPT,R10
61381,R10,$37.23,$50.26,$63.29,NON-EXEMPT,R10
61391,R10,$37.23,$50.26,$63.29,NON-EXEMPT,R10
61418,R10,$37.23,$50.26,$63.29,EXEMPT,R01
61448,R10,$37.23,$50.26,$63.29,EXEMPT,R01
61624,R10,$37.23,$50.26,$63.29,EXEMPT,R55
61635,R10,$37.23,$50.26,$63.29,EXEMPT,R07
61656,R10,$37.23,$50.26,$63.29,EXEMPT,R22
61669,R10,$37.23,$50.26,$63.29,EXEMPT,R22
61689,R10,$37.23,$50.26,$63.29,EXEMPT,N42
61697,R10,$37.23,$50.26,$63.29,EXEMPT,R22
61701,R10,$37.23,$50.26,$63.29,EXEMPT,R01
61702,R10,$37.23,$50.26,$63.29,EXEMPT,R01
61707,R10,$37.23,$50.26,$63.29,NON-EXEMPT,R06
61717,R10,$37.23,$50.26,$63.29,EXEMPT,R55
61720,R10,$37.23,$50.26,$63.29,EXEMPT,R22
61749,R10,$37.23,$50.26,$63.29,EXEMPT,R01
61887,R10,$37.23,$50.26,$63.29,EXEMPT,R22
52571,R11,$39.09,$52.78,$66.46,NON-EXEMPT,SR1
52572,R11,$39.09,$52.78,$66.46,NON-EXEMPT,SR1
52573,R11,$39.09,$52.78,$66.46,NON-EXEMPT,SR1
52574,R11,$39.09,$52.78,$66.46,NON-EXEMPT,SR1
60368,R11,$39.09,$52.78,$66.46,Non-exempt,R06
60371,R11,$39.09,$52.78,$66.46,NON-EXEMPT,R06
61223,R11,$39.09,$52.78,$66.46,NON-EXEMPT,R06
61345,R11,$39.09,$52.78,$66.46,EXEMPT,R01
61355,R11,$39.09,$52.78,$66.46,EXEMPT,R22
61364,R11,$39.09,$52.78,$66.46,EXEMPT,R22
61389,R11,$39.09,$52.78,$66.46,NON-EXEMPT,R06
61390,R11,$39.09,$52.78,$66.46,EXEMPT,R22
61405,R11,$39.09,$52.78,$66.46,NON-EXEMPT,R10
61406,R11,$39.09,$52.78,$66.46,NON-EXEMPT,R10
61481,R11,$39.09,$52.78,$66.46,EXEMPT,SR1
61532,R11,$39.09,$52.78,$66.46,EXEMPT,R22
61651,R11,$39.09,$52.78,$66.46,EXEMPT,R01
61678,R11,$39.09,$52.78,$66.46,EXEMPT,P22
61989,R11,$39.09,$52.78,$66.46,EXEMPT,R22
63071,R11,$39.09,$52.78,$66.46,NON-EXEMPT,R06
65071,R11,$39.09,$52.78,$66.46,NON-EXEMPT,R06
65571,R11,$39.09,$52.78,$66.46,NON-EXEMPT,R06
51044,R12,$41.05,$55.41,$69.78,EXEMPT,SR1
51410,R12,$41.05,$55.41,$69.78,EXEMPT,SR1
51456,R12,$41.05,$55.41,$69.78,EXEMPT,SR1
51493,R12,$41.05,$55.41,$69.78,EXEMPT,SR1
51494,R12,$41.05,$55.41,$69.78,EXEMPT,SR1
51513,R12,$41.05,$55.41,$69.78,NON-EXEMPT,SR1
51516,R12,$41.05,$55.41,$69.78,NON-EXEMPT,SR1
51542,R12,$41.05,$55.41,$69.78,NON-EXEMPT,SR1
51578,R12,$41.05,$55.41,$69.78,EXEMPT,SR1
51590,R12,$41.05,$55.41,$69.78,EXEMPT,SR1
51603,R12,$41.05,$55.41,$69.78,EXEMPT,SR1
51640,R12,$41.05,$55.41,$69.78,EXEMPT,SR1
51641,R12,$41.05,$55.41,$69.78,EXEMPT,SR1
51642,R12,$41.05,$55.41,$69.78,EXEMPT,SR1
51644,R12,$41.05,$55.41,$69.78,EXEMPT,SR1
51749,R12,$41.05,$55.41,$69.78,EXEMPT,SR1
58307,R12,$41.05,$55.41,$69.78,EXEMPT,SR1
55371,R13,$43.10,$58.19,$73.27,NON-EXEMPT,SR1
60468,R13,$43.10,$58.19,$73.27,EXEMPT,R07
61600,R13,$43.10,$58.19,$73.27,EXEMPT,R22
62031,RX3,$51.45,$61.74,$72.03,EXEMPT,P12
61111,RX4,$54.02,$64.83,$75.63,EXEMPT,P12
61731,RX4,$54.02,$64.83,$75.63,EXEMPT,P12
62111,RX4,$54.02,$64.83,$75.63,EXEMPT,P12
63111,RX4,$54.02,$64.83,$75.63,EXEMPT,P12
64111,RX4,$54.02,$64.83,$75.63,NON-EXEMPT,P12
65111,RX4,$54.02,$64.83,$75.63,EXEMPT,P12
66111,RX4,$54.02,$64.83,$75.63,EXEMPT,P12
61110,RX5,$56.72,$68.07,$79.40,EXEMPT,P12
61181,RX5,$56.72,$68.07,$79.40,EXEMPT,N10
61305,RX5,$56.72,$68.07,$79.40,EXEMPT,P12
61411,RX5,$56.72,$68.07,$79.40,EXEMPT,P12
61711,RX5,$56.72,$68.07,$79.40,EXEMPT,P12
61733,RX5,$56.72,$68.07,$79.40,EXEMPT,P12
61892,RX5,$56.72,$68.07,$79.40,EXEMPT,P12
67111,RX5,$56.72,$68.07,$79.40,EXEMPT,P12
68411,RX5,$56.72,$68.07,$79.40,EXEMPT,P12
68413,RX5,$56.72,$68.07,$79.40,EXEMPT,P12
51214,RX6,$59.56,$71.47,$83.37,EXEMPT,SP1
51433,RX6,$59.56,$71.47,$83.37,EXEMPT,SP1
51914,RX6,$59.56,$71.47,$83.37,EXEMPT,SP1
52289,RX6,$59.56,$71.47,$83.37,EXEMPT,SP1
60140,S11,$15.05,$19.19,$23.33,NON-EXEMPT,P57
60203,S11,$15.05,$19.19,$23.33,NON-EXEMPT,P02
60236,S11,$15.05,$19.19,$23.33,NON-EXEMPT,P57
60397,S11,$15.05,$19.19,$23.33,NON-EXEMPT,ST1
60406,S11,$15.05,$19.19,$23.33,NON-EXEMPT,N04
60419,S11,$15.05,$19.19,$23.33,NON-EXEMPT,N21
60425,S11,$15.05,$19.19,$23.33,NON-EXEMPT,N02
60431,S11,$15.05,$19.19,$23.33,NON-EXEMPT,N04
60436,S11,$15.05,$19.19,$23.33,NON-EXEMPT,P57
60439,S11,$15.05,$19.19,$23.33,NON-EXEMPT,N04
60440,S11,$15.05,$19.19,$23.33,NON-EXEMPT,N04
60454,S11,$15.05,$19.19,$23.33,EXEMPT,P18
60460,S11,$15.05,$19.19,$23.33,NON-EXEMPT,N11
60469,S11,$15.05,$19.19,$23.33,NON-EXEMPT,N02
60488,S11,$15.05,$19.19,$23.33,NON-EXEMPT,N08
60515,S11,$15.05,$19.19,$23.33,NON-EXEMPT,N02
60563,S11,$15.05,$19.19,$23.33,NON-EXEMPT,P58
60599,S11,$15.05,$19.19,$23.33,NON-EXEMPT,N08
60609,S11,$15.05,$19.19,$23.33,NON-EXEMPT,N29
60614,S11,$15.05,$19.19,$23.33,NON-EXEMPT,N02
60615,S11,$15.05,$19.19,$23.33,NON-EXEMPT,N51
60616,S11,$15.05,$19.19,$23.33,NON-EXEMPT,N40
60627,S11,$15.05,$19.19,$23.33,NON-EXEMPT,N04
60629,S11,$15.05,$19.19,$23.33,NON-EXEMPT,N04
60638,S11,$15.05,$19.19,$23.33,NON-EXEMPT,N11
60652,S11,$15.05,$19.19,$23.33,NON-EXEMPT,N06
60747,S11,$15.05,$19.19,$23.33,NON-EXEMPT,N02
60865,S11,$15.05,$19.19,$23.33,NON-EXEMPT,P57
60867,S11,$15.05,$19.19,$23.33,NON-EXEMPT,N45
60963,S11,$15.05,$19.19,$23.33,NON-EXEMPT,N44
61055,S11,$15.05,$19.19,$23.33,NON-EXEMPT,E01
61530,S11,$15.05,$19.19,$23.33,NON-EXEMPT,N06
61536,S11,$15.05,$19.19,$23.33,NON-EXEMPT,P14
61614,S11,$15.05,$19.19,$23.33,NON-EXEMPT,N02
61870,S11,$15.05,$19.19,$23.33,NON-EXEMPT,P02
62659,S11,$15.05,$19.19,$23.33,NON-EXEMPT,P18
68320,S11,$15.05,$19.19,$23.33,NON-EXEMPT,N02
69114,S11,$15.05,$19.19,$23.33,NON-EXEMPT,N22
69125,S11,$15.05,$19.19,$23.33,NON-EXEMPT,N11
60036,S12,$15.80,$20.15,$24.49,NON-EXEMPT,P10
60106,S12,$15.80,$20.15,$24.49,NON-EXEMPT,N06
60131,S12,$15.80,$20.15,$24.49,NON-EXEMPT,P21
60157,S12,$15.80,$20.15,$24.49,NON-EXEMPT,P10
60208,S12,$15.80,$20.15,$24.49,NON-EXEMPT,ST1
60387,S12,$15.80,$20.15,$24.49,NON-EXEMPT,N22
60398,S12,$15.80,$20.15,$24.49,NON-EXEMPT,N02
60414,S12,$15.80,$20.15,$24.49,NON-EXEMPT,N02
60420,S12,$15.80,$20.15,$24.49,NON-EXEMPT,P10
60438,S12,$15.80,$20.15,$24.49,NON-EXEMPT,N02
60441,S12,$15.80,$20.15,$24.49,NON-EXEMPT,N04
60442,S12,$15.80,$20.15,$24.49,NON-EXEMPT,N04
60508,S12,$15.80,$20.15,$24.49,NON-EXEMPT,N29
60535,S12,$15.80,$20.15,$24.49,NON-EXEMPT,N04
60536,S12,$15.80,$20.15,$24.49,NON-EXEMPT,P14
60537,S12,$15.80,$20.15,$24.49,NON-EXEMPT,N47
60540,S12,$15.80,$20.15,$24.49,NON-EXEMPT,N47
60568,S12,$15.80,$20.15,$24.49,NON-EXEMPT,P02
60624,S12,$15.80,$20.15,$24.49,NON-EXEMPT,N25
60631,S12,$15.80,$20.15,$24.49,NON-EXEMPT,P21
60632,S12,$15.80,$20.15,$24.49,NON-EXEMPT,N39
60653,S12,$15.80,$20.15,$24.49,NON-EXEMPT,N22
60656,S12,$15.80,$20.15,$24.49,NON-EXEMPT,P21
60699,S12,$15.80,$20.15,$24.49,NON-EXEMPT,N02
60721,S12,$15.80,$20.15,$24.49,NON-EXEMPT,N02
60727,S12,$15.80,$20.15,$24.49,NON-EXEMPT,N08
60728,S12,$15.80,$20.15,$24.49,NON-EXEMPT,N04
60731,S12,$15.80,$20.15,$24.49,NON-EXEMPT,N06
60781,S12,$15.80,$20.15,$24.49,NON-EXEMPT,N06
60791,S12,$15.80,$20.15,$24.49,NON-EXEMPT,N06
60800,S12,$15.80,$20.15,$24.49,NON-EXEMPT,N02
60808,S12,$15.80,$20.15,$24.49,NON-EXEMPT,N22
60809,S12,$15.80,$20.15,$24.49,NON-EXEMPT,N02
60850,S12,$15.80,$20.15,$24.49,NON-EXEMPT,N02
60861,S12,$15.80,$20.15,$24.49,NON-EXEMPT,N02
60880,S12,$15.80,$20.15,$24.49,NON-EXEMPT,N02
61540,S12,$15.80,$20.15,$24.49,NON-EXEMPT,N47
61542,S12,$15.80,$20.15,$24.49,NON-EXEMPT,N47
62129,S12,$15.80,$20.15,$24.49,NON-EXEMPT,ST1
62130,S12,$15.80,$20.15,$24.49,NON-EXEMPT,ST1
62536,S12,$15.80,$20.15,$24.49,NON-EXEMPT,P14
62655,S12,$15.80,$20.15,$24.49,NON-EXEMPT,P21
62656,S12,$15.80,$20.15,$24.49,NON-EXEMPT,P21
64914,S12,$15.80,$20.15,$24.49,NON-EXEMPT,E01
68228,S12,$15.80,$20.15,$24.49,NON-EXEMPT,N45
68252,S12,$15.80,$20.15,$24.49,NON-EXEMPT,N45
68253,S12,$15.80,$20.15,$24.49,NON-EXEMPT,N45
68274,S12,$15.80,$20.15,$24.49,NON-EXEMPT,N45
68290,S12,$15.80,$20.15,$24.49,NON-EXEMPT,P04
68301,S12,$15.80,$20.15,$24.49,NON-EXEMPT,N06
68326,S12,$15.80,$20.15,$24.49,NON-EXEMPT,N45
68327,S12,$15.80,$20.15,$24.49,NON-EXEMPT,N45
69119,S12,$15.80,$20.15,$24.49,NON-EXEMPT,N06
54928,S13,$16.59,$21.16,$25.72,NON-EXEMPT,S01
60309,S13,$16.59,$21.16,$25.72,NON-EXEMPT,N29
60311,S13,$16.59,$21.16,$25.72,NON-EXEMPT,N29
60313,S13,$16.59,$21.16,$25.72,NON-EXEMPT,N29
60411,S13,$16.59,$21.16,$25.72,NON-EXEMPT,N11
60429,S13,$16.59,$21.16,$25.72,NON-EXEMPT,N39
60462,S13,$16.59,$21.16,$25.72,NON-EXEMPT,N11
60522,S13,$16.59,$21.16,$25.72,NON-EXEMPT,P46
60523,S13,$16.59,$21.16,$25.72,NON-EXEMPT,N47
60625,S13,$16.59,$21.16,$25.72,NON-EXEMPT,P50
60630,S13,$16.59,$21.16,$25.72,NON-EXEMPT,P14
60646,S13,$16.59,$21.16,$25.72,NON-EXEMPT,P50
60648,S13,$16.59,$21.16,$25.72,NON-EXEMPT,N06
60651,S13,$16.59,$21.16,$25.72,NON-EXEMPT,N06
60666,S13,$16.59,$21.16,$25.72,NON-EXEMPT,N04
60672,S13,$16.59,$21.16,$25.72,NON-EXEMPT,P04
60680,S13,$16.59,$21.16,$25.72,NON-EXEMPT,N29
60730,S13,$16.59,$21.16,$25.72,NON-EXEMPT,P04
60753,S13,$16.59,$21.16,$25.72,NON-EXEMPT,N22
60765,S13,$16.59,$21.16,$25.72,NON-EXEMPT,P21
60789,S13,$16.59,$21.16,$25.72,NON-EXEMPT,P11
60794,S13,$16.59,$21.16,$25.72,NON-EXEMPT,P04
60804,S13,$16.59,$21.16,$25.72,NON-EXEMPT,N29
60812,S13,$16.59,$21.16,$25.72,NON-EXEMPT,N02
60843,S13,$16.59,$21.16,$25.72,NON-EXEMPT,N40
60881,S13,$16.59,$21.16,$25.72,NON-EXEMPT,N06
60883,S13,$16.59,$21.16,$25.72,NON-EXEMPT,N06
60886,S13,$16.59,$21.16,$25.72,NON-EXEMPT,N06
60896,S13,$16.59,$21.16,$25.72,NON-EXEMPT,P11
60918,S13,$16.59,$21.16,$25.72,NON-EXEMPT,N14
60969,S13,$16.59,$21.16,$25.72,NON-EXEMPT,N25
61112,S13,$16.59,$21.16,$25.72,NON-EXEMPT,N28
61159,S13,$16.59,$21.16,$25.72,NON-EXEMPT,E02
61190,S13,$16.59,$21.16,$25.72,NON-EXEMPT,P11
61332,S13,$16.59,$21.16,$25.72,NON-EXEMPT,N02
61437,S13,$16.59,$21.16,$25.72,NON-EXEMPT,P21
61722,S13,$16.59,$21.16,$25.72,NON-EXEMPT,N02
61789,S13,$16.59,$21.16,$25.72,NON-EXEMPT,P11
61790,S13,$16.59,$21.16,$25.72,NON-EXEMPT,P11
61846,S13,$16.59,$21.16,$25.72,NON-EXEMPT,N14
62790,S13,$16.59,$21.16,$25.72,NON-EXEMPT,P11
62892,S13,$16.59,$21.16,$25.72,NON-EXEMPT,N45
67001,S13,$16.59,$21.16,$25.72,NON-EXEMPT,P04
68286,S13,$16.59,$21.16,$25.72,NON-EXEMPT,P50
68296,S13,$16.59,$21.16,$25.72,NON-EXEMPT,N02
68338,S13,$16.59,$21.16,$25.72,NON-EXEMPT,N25
69110,S13,$16.59,$21.16,$25.72,NON-EXEMPT,P04
69117,S13,$16.59,$21.16,$25.72,NON-EXEMPT,N06
69122,S13,$16.59,$21.16,$25.72,NON-EXEMPT,N06
60011,S13 ,$16.59,$21.16,$25.72,NON-EXEMPT,N22
60101,S13 ,$16.59,$21.16,$25.72,NON-EXEMPT,P46
60416,S13 ,$16.59,$21.16,$25.72,NON-EXEMPT,N11
60572,S13 ,$16.59,$21.16,$25.72,NON-EXEMPT,N51
60618,S13 ,$16.59,$21.16,$25.72,NON-EXEMPT,N25
60626,S13 ,$16.59,$21.16,$25.72,NON-EXEMPT,P50
60654,S13 ,$16.59,$21.16,$25.72,NON-EXEMPT,N45
60685,S13 ,$16.59,$21.16,$25.72,NON-EXEMPT,N45
60705,S13 ,$16.59,$21.16,$25.72,NON-EXEMPT,N43
60761,S13 ,$16.59,$21.16,$25.72,NON-EXEMPT,P04
60780,S13 ,$16.59,$21.16,$25.72,NON-EXEMPT,N43
60826,S13 ,$16.59,$21.16,$25.72,NON-EXEMPT,N45
60935,S13 ,$16.59,$21.16,$25.72,NON-EXEMPT,N02
61685,S13 ,$16.59,$21.16,$25.72,NON-EXEMPT,N45
61691,S13 ,$16.59,$21.16,$25.72,NON-EXEMPT,N45
65094,S13 ,$16.59,$21.16,$25.72,NON-EXEMPT,N06
68248,S13 ,$16.59,$21.16,$25.72,NON-EXEMPT,N06
68254,S13 ,$16.59,$21.16,$25.72,NON-EXEMPT,N45
68258,S13 ,$16.59,$21.16,$25.72,NON-EXEMPT,N45
68323,S13 ,$16.59,$21.16,$25.72,NON-EXEMPT,N45
68324,S13 ,$16.59,$21.16,$25.72,NON-EXEMPT,N45
68654,S13 ,$16.59,$21.16,$25.72,NON-EXEMPT,N22
69124,S13 ,$16.59,$21.16,$25.72,NON-EXEMPT,N06
69127,S13 ,$16.59,$21.16,$25.72,NON-EXEMPT,P50
51242,S14,$17.42,$22.21,$27.00,NON-EXEMPT,SE1
60032,S14,$17.42,$22.21,$27.00,NON-EXEMPT,P21
60132,S14,$17.42,$22.21,$27.00,NON-EXEMPT,P21
60134,S14,$17.42,$22.21,$27.00,NON-EXEMPT,P21
60232,S14,$17.42,$22.21,$27.00,NON-EXEMPT,P21
60234,S14,$17.42,$22.21,$27.00,NON-EXEMPT,P21
60449,S14,$17.42,$22.21,$27.00,NON-EXEMPT,N45
60534,S14,$17.42,$22.21,$27.00,NON-EXEMPT,P21
60542,S14,$17.42,$22.21,$27.00,NON-EXEMPT,N45
60546,S14,$17.42,$22.21,$27.00,NON-EXEMPT,N45
60564,S14,$17.42,$22.21,$27.00,NON-EXEMPT,P21
60583,S14,$17.42,$22.21,$27.00,NON-EXEMPT,N11
60628,S14,$17.42,$22.21,$27.00,NON-EXEMPT,P21
60644,S14,$17.42,$22.21,$27.00,NON-EXEMPT,P50
60668,S14,$17.42,$22.21,$27.00,NON-EXEMPT,P21
60723,S14,$17.42,$22.21,$27.00,NON-EXEMPT,P50
60796,S14,$17.42,$22.21,$27.00,NON-EXEMPT,P04
60816,S14,$17.42,$22.21,$27.00,NON-EXEMPT,N06
60817,S14,$17.42,$22.21,$27.00,NON-EXEMPT,N39
60833,S14,$17.42,$22.21,$27.00,NON-EXEMPT,N06
60876,S14,$17.42,$22.21,$27.00,NON-EXEMPT,N06
60882,S14,$17.42,$22.21,$27.00,NON-EXEMPT,N06
60897,S14,$17.42,$22.21,$27.00,NON-EXEMPT,N48
60946,S14,$17.42,$22.21,$27.00,NON-EXEMPT,P04
60968,S14,$17.42,$22.21,$27.00,NON-EXEMPT,N11
61333,S14,$17.42,$22.21,$27.00,NON-EXEMPT,N45
61447,S14,$17.42,$22.21,$27.00,NON-EXEMPT,N06
61619,S14,$17.42,$22.21,$27.00,NON-EXEMPT,N06
61822,S14,$17.42,$22.21,$27.00,NON-EXEMPT,P21
61886,S14,$17.42,$22.21,$27.00,NON-EXEMPT,N06
61904,S14,$17.42,$22.21,$27.00,NON-EXEMPT,P21
62119,S14,$17.42,$22.21,$27.00,NON-EXEMPT,P11
63081,S14,$17.42,$22.21,$27.00,NON-EXEMPT,P21
63082,S14,$17.42,$22.21,$27.00,NON-EXEMPT,P21
63083,S14,$17.42,$22.21,$27.00,NON-EXEMPT,P21
63084,S14,$17.42,$22.21,$27.00,NON-EXEMPT,P21
63085,S14,$17.42,$22.21,$27.00,NON-EXEMPT,P21
63086,S14,$17.42,$22.21,$27.00,NON-EXEMPT,P21
63087,S14,$17.42,$22.21,$27.00,NON-EXEMPT,P21
63088,S14,$17.42,$22.21,$27.00,NON-EXEMPT,P21
63089,S14,$17.42,$22.21,$27.00,NON-EXEMPT,P21
63090,S14,$17.42,$22.21,$27.00,NON-EXEMPT,P21
63091,S14,$17.42,$22.21,$27.00,NON-EXEMPT,P21
63092,S14,$17.42,$22.21,$27.00,NON-EXEMPT,P21
63093,S14,$17.42,$22.21,$27.00,NON-EXEMPT,P21
63094,S14,$17.42,$22.21,$27.00,NON-EXEMPT,P21
68246,S14,$17.42,$22.21,$27.00,NON-EXEMPT,N06
68754,S14,$17.42,$22.21,$27.00,NON-EXEMPT,N22
50719,S15,$18.29,$23.32,$28.35,NON-EXEMPT,S01
50808,S15,$18.29,$23.32,$28.35,NON-EXEMPT,S01
50845,S15,$18.29,$23.32,$28.35,EXEMPT,S01
50941,S15,$18.29,$23.32,$28.35,NON-EXEMPT,S01
60141,S15,$18.29,$23.32,$28.35,NON-EXEMPT,E01
60142,S15,$18.29,$23.32,$28.35,NON-EXEMPT,E01
60162,S15,$18.29,$23.32,$28.35,NON-EXEMPT,E01
60262,S15,$18.29,$23.32,$28.35,NON-EXEMPT,E01
60315,S15,$18.29,$23.32,$28.35,NON-EXEMPT,N29
60318,S15,$18.29,$23.32,$28.35,NON-EXEMPT,N45
60378,S15,$18.29,$23.32,$28.35,NON-EXEMPT,N02
60407,S15,$18.29,$23.32,$28.35,NON-EXEMPT,P56
60413,S15,$18.29,$23.32,$28.35,NON-EXEMPT,N11
60422,S15,$18.29,$23.32,$28.35,NON-EXEMPT,N11
60444,S15,$18.29,$23.32,$28.35,NON-EXEMPT,N18
60451,S15,$18.29,$23.32,$28.35,NON-EXEMPT,E01
60499,S15,$18.29,$23.32,$28.35,NON-EXEMPT,N02
60514,S15,$18.29,$23.32,$28.35,NON-EXEMPT,N11
60543,S15,$18.29,$23.32,$28.35,NON-EXEMPT,N45
60548,S15,$18.29,$23.32,$28.35,NON-EXEMPT,N45
60669,S15,$18.29,$23.32,$28.35,NON-EXEMPT,N11
60678,S15,$18.29,$23.32,$28.35,NON-EXEMPT,N12
60692,S15,$18.29,$23.32,$28.35,NON-EXEMPT,N21
60693,S15,$18.29,$23.32,$28.35,NON-EXEMPT,N11
60744,S15,$18.29,$23.32,$28.35,NON-EXEMPT,N02
60748,S15,$18.29,$23.32,$28.35,NON-EXEMPT,P11
60751,S15,$18.29,$23.32,$28.35,NON-EXEMPT,N22
60772,S15,$18.29,$23.32,$28.35,NON-EXEMPT,P50
60773,S15,$18.29,$23.32,$28.35,NON-EXEMPT,N08
60783,S15,$18.29,$23.32,$28.35,NON-EXEMPT,N06
60785,S15,$18.29,$23.32,$28.35,NON-EXEMPT,P11
60788,S15,$18.29,$23.32,$28.35,NON-EXEMPT,N06
60803,S15,$18.29,$23.32,$28.35,NON-EXEMPT,N22
60806,S15,$18.29,$23.32,$28.35,NON-EXEMPT,N22
60813,S15,$18.29,$23.32,$28.35,NON-EXEMPT,P11
60832,S15,$18.29,$23.32,$28.35,NON-EXEMPT,N19
60837,S15,$18.29,$23.32,$28.35,NON-EXEMPT,N02
60892,S15,$18.29,$23.32,$28.35,NON-EXEMPT,N45
60929,S15,$18.29,$23.32,$28.35,NON-EXEMPT,N12
60933,S15,$18.29,$23.32,$28.35,NON-EXEMPT,N02
60975,S15,$18.29,$23.32,$28.35,NON-EXEMPT,N08
60981,S15,$18.29,$23.32,$28.35,NON-EXEMPT,N06
61056,S15,$18.29,$23.32,$28.35,NON-EXEMPT,E01
61066,S15,$18.29,$23.32,$28.35,NON-EXEMPT,E01
61129,S15,$18.29,$23.32,$28.35,EXEMPT,N21
61161,S15,$18.29,$23.32,$28.35,NON-EXEMPT,N45
61179,S15,$18.29,$23.32,$28.35,NON-EXEMPT,N14
61446,S15,$18.29,$23.32,$28.35,NON-EXEMPT,N06
61514,S15,$18.29,$23.32,$28.35,NON-EXEMPT,N06
61916,S15,$18.29,$23.32,$28.35,NON-EXEMPT,E01
61920,S15,$18.29,$23.32,$28.35,NON-EXEMPT,E01
61979,S15,$18.29,$23.32,$28.35,NON-EXEMPT,N12
62115,S15,$18.29,$23.32,$28.35,NON-EXEMPT,N29
62437,S15,$18.29,$23.32,$28.35,NON-EXEMPT,E01
62585,S15,$18.29,$23.32,$28.35,NON-EXEMPT,P04
68233,S15,$18.29,$23.32,$28.35,NON-EXEMPT,P04
68257,S15,$18.29,$23.32,$28.35,NON-EXEMPT,N45
68337,S15,$18.29,$23.32,$28.35,NON-EXEMPT,N02
68790,S15,$18.29,$23.32,$28.35,NON-EXEMPT,P11
50827,S16,$19.21,$24.49,$29.78,NON-EXEMPT,S01
58654,S16,$19.21,$24.49,$29.78,NON-EXEMPT,S01
60031,S16,$19.21,$24.49,$29.78,NON-EXEMPT,N15
60033,S16,$19.21,$24.49,$29.78,NON-EXEMPT,P10
60143,S16,$19.21,$24.49,$29.78,NON-EXEMPT,E01
60308,S16,$19.21,$24.49,$29.78,NON-EXEMPT,N29
60312,S16,$19.21,$24.49,$29.78,NON-EXEMPT,N29
60316,S16,$19.21,$24.49,$29.78,NON-EXEMPT,N29
60450,S16,$19.21,$24.49,$29.78,NON-EXEMPT,P11
60532,S16,$19.21,$24.49,$29.78,EXEMPT,P55
60539,S16,$19.21,$24.49,$29.78,NON-EXEMPT,P10
60601,S16,$19.21,$24.49,$29.78,NON-EXEMPT,N15
60641,S16,$19.21,$24.49,$29.78,NON-EXEMPT,P50
60657,S16,$19.21,$24.49,$29.78,NON-EXEMPT,N27
60694,S16,$19.21,$24.49,$29.78,NON-EXEMPT,P55
60696,S16,$19.21,$24.49,$29.78,NON-EXEMPT,N02
60779,S16,$19.21,$24.49,$29.78,EXEMPT,N02
60802,S16,$19.21,$24.49,$29.78,EXEMPT,N02
60847,S16,$19.21,$24.49,$29.78,NON-EXEMPT,N49
60848,S16,$19.21,$24.49,$29.78,NON-EXEMPT,N14
60857,S16,$19.21,$24.49,$29.78,NON-EXEMPT,N13
60910,S16,$19.21,$24.49,$29.78,NON-EXEMPT,N14
60973,S16,$19.21,$24.49,$29.78,NON-EXEMPT,N02
60998,S16,$19.21,$24.49,$29.78,NON-EXEMPT,N29
61012,S16,$19.21,$24.49,$29.78,EXEMPT,P47
61098,S16,$19.21,$24.49,$29.78,NON-EXEMPT,N02
61101,S16,$19.21,$24.49,$29.78,EXEMPT,N02
61103,S16,$19.21,$24.49,$29.78,NON-EXEMPT,P49
61154,S16,$19.21,$24.49,$29.78,NON-EXEMPT,E01
61260,S16,$19.21,$24.49,$29.78,NON-EXEMPT,P03
61337,S16,$19.21,$24.49,$29.78,NON-EXEMPT,N39
61471,S16,$19.21,$24.49,$29.78,EXEMPT,P49
61539,S16,$19.21,$24.49,$29.78,NON-EXEMPT,P10
61919,S16,$19.21,$24.49,$29.78,NON-EXEMPT,E02
61922,S16,$19.21,$24.49,$29.78,NON-EXEMPT,E02
62334,S16,$19.21,$24.49,$29.78,NON-EXEMPT,P47
62600,S16,$19.21,$24.49,$29.78,NON-EXEMPT,N15
62702,S16,$19.21,$24.49,$29.78,NON-EXEMPT,P52
62857,S16,$19.21,$24.49,$29.78,NON-EXEMPT,N13
63399,S16,$19.21,$24.49,$29.78,NON-EXEMPT,N29
68232,S16,$19.21,$24.49,$29.78,NON-EXEMPT,N45
68297,S16,$19.21,$24.49,$29.78,NON-EXEMPT,N45
68303,S16,$19.21,$24.49,$29.78,NON-EXEMPT,N02
69123,S16,$19.21,$24.49,$29.78,NON-EXEMPT,N45
51937,S17,$20.17,$25.71,$31.26,NON-EXEMPT,N12
54931,S17,$20.17,$25.71,$31.26,NON-EXEMPT,S01
58315,S17,$20.17,$25.71,$31.26,EXEMPT,S01
60144,S17,$20.17,$25.71,$31.26,NON-EXEMPT,E02
60145,S17,$20.17,$25.71,$31.26,NON-EXEMPT,E02
60163,S17,$20.17,$25.71,$31.26,NON-EXEMPT,E02
60166,S17,$20.17,$25.71,$31.26,NON-EXEMPT,N21
60223,S17,$20.17,$25.71,$31.26,NON-EXEMPT,E02
60310,S17,$20.17,$25.71,$31.26,NON-EXEMPT,N29
60314,S17,$20.17,$25.71,$31.26,NON-EXEMPT,N29
60317,S17,$20.17,$25.71,$31.26,NON-EXEMPT,N29
60395,S17,$20.17,$25.71,$31.26,NON-EXEMPT,N11
60470,S17,$20.17,$25.71,$31.26,NON-EXEMPT,N25
60486,S17,$20.17,$25.71,$31.26,EXEMPT,N49
60504,S17,$20.17,$25.71,$31.26,EXEMPT,N43
60516,S17,$20.17,$25.71,$31.26,NON-EXEMPT,N14
60529,S17,$20.17,$25.71,$31.26,NON-EXEMPT,N45
60538,S17,$20.17,$25.71,$31.26,NON-EXEMPT,L03
60544,S17,$20.17,$25.71,$31.26,NON-EXEMPT,N45
60592,S17,$20.17,$25.71,$31.26,NON-EXEMPT,L01
60613,S17,$20.17,$25.71,$31.26,NON-EXEMPT,P58
60665,S17,$20.17,$25.71,$31.26,EXEMPT,L02
60676,S17,$20.17,$25.71,$31.26,NON-EXEMPT,N16
60695,S17,$20.17,$25.71,$31.26,NON-EXEMPT,N02
60707,S17,$20.17,$25.71,$31.26,NON-EXEMPT,P03
60715,S17,$20.17,$25.71,$31.26,NON-EXEMPT,P03
60756,S17,$20.17,$25.71,$31.26,NON-EXEMPT,P21
60810,S17,$20.17,$25.71,$31.26,NON-EXEMPT,L01
60811,S17,$20.17,$25.71,$31.26,NON-EXEMPT,P47
60830,S17,$20.17,$25.71,$31.26,NON-EXEMPT,N29
60836,S17,$20.17,$25.71,$31.26,NON-EXEMPT,N44
60863,S17,$20.17,$25.71,$31.26,NON-EXEMPT,L01
60877,S17,$20.17,$25.71,$31.26,NON-EXEMPT,N22
60890,S17,$20.17,$25.71,$31.26,NON-EXEMPT,N27
60909,S17,$20.17,$25.71,$31.26,NON-EXEMPT,N25
60920,S17,$20.17,$25.71,$31.26,NON-EXEMPT,N02
60925,S17,$20.17,$25.71,$31.26,EXEMPT,N22
60926,S17,$20.17,$25.71,$31.26,NON-EXEMPT,N25
60970,S17,$20.17,$25.71,$31.26,NON-EXEMPT,N27
61033,S17,$20.17,$25.71,$31.26,NON-EXEMPT,N41
61057,S17,$20.17,$25.71,$31.26,NON-EXEMPT,N02
61100,S17,$20.17,$25.71,$31.26,EXEMPT,P12
61126,S17,$20.17,$25.71,$31.26,NON-EXEMPT,N14
61158,S17,$20.17,$25.71,$31.26,NON-EXEMPT,E02
61160,S17,$20.17,$25.71,$31.26,NON-EXEMPT,N44
61163,S17,$20.17,$25.71,$31.26,NON-EXEMPT,E02
61175,S17,$20.17,$25.71,$31.26,NON-EXEMPT,N14
61188,S17,$20.17,$25.71,$31.26,NON-EXEMPT,E02
61234,S17,$20.17,$25.71,$31.26,EXEMPT,N21
61334,S17,$20.17,$25.71,$31.26,NON-EXEMPT,P47
61385,S17,$20.17,$25.71,$31.26,NON-EXEMPT,P47
61506,S17,$20.17,$25.71,$31.26,NON-EXEMPT,N45
61654,S17,$20.17,$25.71,$31.26,NON-EXEMPT,N29
61670,S17,$20.17,$25.71,$31.26,NON-EXEMPT,N27
61739,S17,$20.17,$25.71,$31.26,NON-EXEMPT,N18
61763,S17,$20.17,$25.71,$31.26,NON-EXEMPT,R05
68065,S17,$20.17,$25.71,$31.26,NON-EXEMPT,N02
68261,S17,$20.17,$25.71,$31.26,NON-EXEMPT,N45
68262,S17,$20.17,$25.71,$31.26,NON-EXEMPT,N27
68283,S17,$20.17,$25.71,$31.26,NON-EXEMPT,P04
68318,S17,$20.17,$25.71,$31.26,NON-EXEMPT,N25
69118,S17,$20.17,$25.71,$31.26,NON-EXEMPT,N45
69134,S17,$20.17,$25.71,$31.26,NON-EXEMPT,N45
50684,S18,$21.18,$27.00,$32.83,EXEMPT,N27
60039,S18,$21.18,$27.00,$32.83,NON-EXEMPT,N02
60164,S18,$21.18,$27.00,$32.83,NON-EXEMPT,E02
60184,S18,$21.18,$27.00,$32.83,NON-EXEMPT,L01
60265,S18,$21.18,$27.00,$32.83,NON-EXEMPT,P49
60472,S18,$21.18,$27.00,$32.83,NON-EXEMPT,N44
60482,S18,$21.18,$27.00,$32.83,NON-EXEMPT,N45
60497,S18,$21.18,$27.00,$32.83,EXEMPT,N50
60565,S18,$21.18,$27.00,$32.83,NON-EXEMPT,N45
60612,S18,$21.18,$27.00,$32.83,NON-EXEMPT,N15
60633,S18,$21.18,$27.00,$32.83,EXEMPT,N02
60662,S18,$21.18,$27.00,$32.83,NON-EXEMPT,N45
60701,S18,$21.18,$27.00,$32.83,NON-EXEMPT,P03
60956,S18,$21.18,$27.00,$32.83,NON-EXEMPT,N25
60957,S18,$21.18,$27.00,$32.83,NON-EXEMPT,N43
60982,S18,$21.18,$27.00,$32.83,NON-EXEMPT,N45
61042,S18,$21.18,$27.00,$32.83,NON-EXEMPT,P47
61065,S18,$21.18,$27.00,$32.83,EXEMPT,L02
61148,S18,$21.18,$27.00,$32.83,NON-EXEMPT,P49
61209,S18,$21.18,$27.00,$32.83,NON-EXEMPT,E02
61211,S18,$21.18,$27.00,$32.83,EXEMPT,E02
61214,S18,$21.18,$27.00,$32.83,NON-EXEMPT,P49
61281,S18,$21.18,$27.00,$32.83,NON-EXEMPT,N25
61321,S18,$21.18,$27.00,$32.83,NON-EXEMPT,N25
61372,S18,$21.18,$27.00,$32.83,NON-EXEMPT,N25
61457,S18,$21.18,$27.00,$32.83,EXEMPT,N02
61515,S18,$21.18,$27.00,$32.83,NON-EXEMPT,P49
61516,S18,$21.18,$27.00,$32.83,EXEMPT,N50
61531,S18,$21.18,$27.00,$32.83,NON-EXEMPT,N45
61533,S18,$21.18,$27.00,$32.83,NON-EXEMPT,P49
61601,S18,$21.18,$27.00,$32.83,NON-EXEMPT,E02
61620,S18,$21.18,$27.00,$32.83,NON-EXEMPT,N15
61645,S18,$21.18,$27.00,$32.83,NON-EXEMPT,P49
61655,S18,$21.18,$27.00,$32.83,NON-EXEMPT,P63
61661,S18,$21.18,$27.00,$32.83,NON-EXEMPT,N02
61738,S18,$21.18,$27.00,$32.83,NON-EXEMPT,N44
61975,S18,$21.18,$27.00,$32.83,NON-EXEMPT,N02
62209,S18,$21.18,$27.00,$32.83,NON-EXEMPT,E02
62358,S18,$21.18,$27.00,$32.83,NON-EXEMPT,N13
62572,S18,$21.18,$27.00,$32.83,NON-EXEMPT,N25
62574,S18,$21.18,$27.00,$32.83,NON-EXEMPT,E02
68235,S18,$21.18,$27.00,$32.83,NON-EXEMPT,N45
68244,S18,$21.18,$27.00,$32.83,NON-EXEMPT,N45
68280,S18,$21.18,$27.00,$32.83,NON-EXEMPT,N45
68298,S18,$21.18,$27.00,$32.83,NON-EXEMPT,N45
68316,S18,$21.18,$27.00,$32.83,NON-EXEMPT,P21
68325,S18,$21.18,$27.00,$32.83,NON-EXEMPT,N45
68328,S18,$21.18,$27.00,$32.83,NON-EXEMPT,N45
68329,S18,$21.18,$27.00,$32.83,NON-EXEMPT,N45
68332,S18,$21.18,$27.00,$32.83,NON-EXEMPT,N45
68333,S18,$21.18,$27.00,$32.83,NON-EXEMPT,N45
68335,S18,$21.18,$27.00,$32.83,NON-EXEMPT,N45
69109,S18,$21.18,$27.00,$32.83,EXEMPT,N02
50674,S19,$22.24,$28.35,$34.47,NON-EXEMPT,SL1
50914,S19,$22.24,$28.35,$34.47,NON-EXEMPT,S01
50946,S19,$22.24,$28.35,$34.47,NON-EXEMPT,S01
50947,S19,$22.24,$28.35,$34.47,NON-EXEMPT,S01
51083,S19,$22.24,$28.35,$34.47,EXEMPT,S01
51087,S19,$22.24,$28.35,$34.47,EXEMPT,S01
51088,S19,$22.24,$28.35,$34.47,EXEMPT,S01
51089,S19,$22.24,$28.35,$34.47,EXEMPT,S01
51245,S19,$22.24,$28.35,$34.47,NON-EXEMPT,SP1
51584,S19,$22.24,$28.35,$34.47,EXEMPT,S01
51766,S19,$22.24,$28.35,$34.47,NON-EXEMPT,SP1
54390,S19,$22.24,$28.35,$34.47,NON-EXEMPT,S01
58226,S19,$22.24,$28.35,$34.47,EXEMPT,S01
60104,S19,$22.24,$28.35,$34.47,NON-EXEMPT,L01
60105,S19,$22.24,$28.35,$34.47,NON-EXEMPT,L01
60210,S19,$22.24,$28.35,$34.47,NON-EXEMPT,P10
60490,S19,$22.24,$28.35,$34.47,NON-EXEMPT,N25
60570,S19,$22.24,$28.35,$34.47,NON-EXEMPT,N45
60702,S19,$22.24,$28.35,$34.47,NON-EXEMPT,P52
60710,S19,$22.24,$28.35,$34.47,NON-EXEMPT,P10
60713,S19,$22.24,$28.35,$34.47,NON-EXEMPT,P10
60717,S19,$22.24,$28.35,$34.47,NON-EXEMPT,L01
60724,S19,$22.24,$28.35,$34.47,NON-EXEMPT,L01
60740,S19,$22.24,$28.35,$34.47,NON-EXEMPT,L01
60784,S19,$22.24,$28.35,$34.47,NON-EXEMPT,L02
60797,S19,$22.24,$28.35,$34.47,NON-EXEMPT,L01
60798,S19,$22.24,$28.35,$34.47,NON-EXEMPT,L01
60878,S19,$22.24,$28.35,$34.47,NON-EXEMPT,L01
60979,S19,$22.24,$28.35,$34.47,NON-EXEMPT,N08
60990,S19,$22.24,$28.35,$34.47,NON-EXEMPT,L03
61120,S19,$22.24,$28.35,$34.47,NON-EXEMPT,N14
61121,S19,$22.24,$28.35,$34.47,NON-EXEMPT,N14
61123,S19,$22.24,$28.35,$34.47,NON-EXEMPT,N14
61145,S19,$22.24,$28.35,$34.47,NON-EXEMPT,P49
61238,S19,$22.24,$28.35,$34.47,NON-EXEMPT,P03
61473,S19,$22.24,$28.35,$34.47,NON-EXEMPT,L03
61517,S19,$22.24,$28.35,$34.47,NON-EXEMPT,N02
61534,S19,$22.24,$28.35,$34.47,NON-EXEMPT,N45
61545,S19,$22.24,$28.35,$34.47,NON-EXEMPT,P49
61576,S19,$22.24,$28.35,$34.47,EXEMPT,N27
61880,S19,$22.24,$28.35,$34.47,EXEMPT,N27
62105,S19,$22.24,$28.35,$34.47,NON-EXEMPT,L01
62411,S19,$22.24,$28.35,$34.47,NON-EXEMPT,L01
68702,S19,$22.24,$28.35,$34.47,NON-EXEMPT,P52
68893,S19,$22.24,$28.35,$34.47,NON-EXEMPT,P03
69001,S19,$22.24,$28.35,$34.47,EXEMPT,N42
69116,S19,$22.24,$28.35,$34.47,NON-EXEMPT,L01
50876,S20,$23.35,$29.77,$36.19,NON-EXEMPT,SL1
51127,S20,$23.35,$29.77,$36.19,EXEMPT,S01
51157,S20,$23.35,$29.77,$36.19,EXEMPT,S01
51230,S20,$23.35,$29.77,$36.19,EXEMPT,S01
51331,S20,$23.35,$29.77,$36.19,EXEMPT,S01
51752,S20,$23.35,$29.77,$36.19,EXEMPT,S01
52892,S20,$23.35,$29.77,$36.19,EXEMPT,S01
60174,S20,$23.35,$29.77,$36.19,NON-EXEMPT,L01
60433,S20,$23.35,$29.77,$36.19,NON-EXEMPT,N41
60461,S20,$23.35,$29.77,$36.19,EXEMPT,N25
60527,S20,$23.35,$29.77,$36.19,NON-EXEMPT,N45
60545,S20,$23.35,$29.77,$36.19,NON-EXEMPT,N45
60550,S20,$23.35,$29.77,$36.19,NON-EXEMPT,N45
60571,S20,$23.35,$29.77,$36.19,NON-EXEMPT,N45
60655,S20,$23.35,$29.77,$36.19,EXEMPT,P63
60659,S20,$23.35,$29.77,$36.19,EXEMPT,P18
60737,S20,$23.35,$29.77,$36.19,NON-EXEMPT,N15
60766,S20,$23.35,$29.77,$36.19,NON-EXEMPT,N15
60770,S20,$23.35,$29.77,$36.19,EXEMPT,N25
60792,S20,$23.35,$29.77,$36.19,NON-EXEMPT,L01
60827,S20,$23.35,$29.77,$36.19,EXEMPT,P18
60893,S20,$23.35,$29.77,$36.19,EXEMPT,N41
60899,S20,$23.35,$29.77,$36.19,EXEMPT,N25
60980,S20,$23.35,$29.77,$36.19,EXEMPT,N02
61030,S20,$23.35,$29.77,$36.19,EXEMPT,R05
61109,S20,$23.35,$29.77,$36.19,EXEMPT,N45
61227,S20,$23.35,$29.77,$36.19,EXEMPT,N21
61230,S20,$23.35,$29.77,$36.19,EXEMPT,N25
61331,S20,$23.35,$29.77,$36.19,EXEMPT,N21
61344,S20,$23.35,$29.77,$36.19,NON-EXEMPT,N27
61346,S20,$23.35,$29.77,$36.19,NON-EXEMPT,N14
61384,S20,$23.35,$29.77,$36.19,EXEMPT,N42
61496,S20,$23.35,$29.77,$36.19,EXEMPT,N28
61526,S20,$23.35,$29.77,$36.19,EXEMPT,N25
61679,S20,$23.35,$29.77,$36.19,NON-EXEMPT,N14
61736,S20,$23.35,$29.77,$36.19,EXEMPT,N10
61741,S20,$23.35,$29.77,$36.19,EXEMPT,N18
61742,S20,$23.35,$29.77,$36.19,NON-EXEMPT,N25
61753,S20,$23.35,$29.77,$36.19,EXEMPT,N16
61760,S20,$23.35,$29.77,$36.19,NON-EXEMPT,L01
61768,S20,$23.35,$29.77,$36.19,NON-EXEMPT,L01
61786,S20,$23.35,$29.77,$36.19,EXEMPT,N16
61807,S20,$23.35,$29.77,$36.19,NON-EXEMPT,N02
62361,S20,$23.35,$29.77,$36.19,EXEMPT,N02
62760,S20,$23.35,$29.77,$36.19,NON-EXEMPT,L01
62907,S20,$23.35,$29.77,$36.19,NON-EXEMPT,P52
62955,S20,$23.35,$29.77,$36.19,EXEMPT,L01
63074,S20,$23.35,$29.77,$36.19,NON-EXEMPT,L01
63075,S20,$23.35,$29.77,$36.19,NON-EXEMPT,L01
63076,S20,$23.35,$29.77,$36.19,NON-EXEMPT,L01
63077,S20,$23.35,$29.77,$36.19,NON-EXEMPT,L01
63078,S20,$23.35,$29.77,$36.19,NON-EXEMPT,L01
63079,S20,$23.35,$29.77,$36.19,NON-EXEMPT,L01
63080,S20,$23.35,$29.77,$36.19,NON-EXEMPT,L01
65751,S20,$23.35,$29.77,$36.19,NON-EXEMPT,L01
68215,S20,$23.35,$29.77,$36.19,NON-EXEMPT,N38
68222,S20,$23.35,$29.77,$36.19,NON-EXEMPT,N50
68236,S20,$23.35,$29.77,$36.19,NON-EXEMPT,N25
68241,S20,$23.35,$29.77,$36.19,NON-EXEMPT,N25
68291,S20,$23.35,$29.77,$36.19,NON-EXEMPT,L01
68292,S20,$23.35,$29.77,$36.19,NON-EXEMPT,N50
68314,S20,$23.35,$29.77,$36.19,EXEMPT,P03
68907,S20,$23.35,$29.77,$36.19,NON-EXEMPT,P52
51027,S21,$24.51,$31.26,$38.00,EXEMPT,S01
51101,S21,$24.51,$31.26,$38.00,EXEMPT,P18
51236,S21,$24.51,$31.26,$38.00,NON-EXEMPT,SE1
51346,S21,$24.51,$31.26,$38.00,EXEMPT,SL1
51354,S21,$24.51,$31.26,$38.00,EXEMPT,S01
51846,S21,$24.51,$31.26,$38.00,NON-EXEMPT,S01
60155,S21,$24.51,$31.26,$38.00,NON-EXEMPT,P10
60252,S21,$24.51,$31.26,$38.00,NON-EXEMPT,P10
60255,S21,$24.51,$31.26,$38.00,NON-EXEMPT,P10
60377,S21,$24.51,$31.26,$38.00,EXEMPT,N02
60388,S21,$24.51,$31.26,$38.00,NON-EXEMPT,N27
60392,S21,$24.51,$31.26,$38.00,EXEMPT,N02
60489,S21,$24.51,$31.26,$38.00,EXEMPT,N02
60588,S21,$24.51,$31.26,$38.00,NON-EXEMPT,N25
60673,S21,$24.51,$31.26,$38.00,NON-EXEMPT,N15
60709,S21,$24.51,$31.26,$38.00,NON-EXEMPT,P10
60795,S21,$24.51,$31.26,$38.00,NON-EXEMPT,P10
60805,S21,$24.51,$31.26,$38.00,EXEMPT,P18
60822,S21,$24.51,$31.26,$38.00,NON-EXEMPT,P17
60824,S21,$24.51,$31.26,$38.00,NON-EXEMPT,P17
60953,S21,$24.51,$31.26,$38.00,EXEMPT,N15
61149,S21,$24.51,$31.26,$38.00,EXEMPT,N21
61195,S21,$24.51,$31.26,$38.00,EXEMPT,L02
61224,S21,$24.51,$31.26,$38.00,NON-EXEMPT,N27
61226,S21,$24.51,$31.26,$38.00,EXEMPT,P18
61237,S21,$24.51,$31.26,$38.00,NON-EXEMPT,N25
61240,S21,$24.51,$31.26,$38.00,EXEMPT,P18
61246,S21,$24.51,$31.26,$38.00,EXEMPT,N38
61257,S21,$24.51,$31.26,$38.00,EXEMPT,P18
61308,S21,$24.51,$31.26,$38.00,EXEMPT,N02
61431,S21,$24.51,$31.26,$38.00,EXEMPT,N25
61472,S21,$24.51,$31.26,$38.00,EXEMPT,P18
61618,S21,$24.51,$31.26,$38.00,NON-EXEMPT,P10
61673,S21,$24.51,$31.26,$38.00,NON-EXEMPT,N45
61681,S21,$24.51,$31.26,$38.00,EXEMPT,N27
61687,S21,$24.51,$31.26,$38.00,EXEMPT,N27
62240,S21,$24.51,$31.26,$38.00,NON-EXEMPT,P18
64929,S21,$24.51,$31.26,$38.00,EXEMPT,N25
51207,S22,$25.74,$32.82,$39.90,EXEMPT,S01
51255,S22,$25.74,$32.82,$39.90,EXEMPT,S01
51409,S22,$25.74,$32.82,$39.90,EXEMPT,S01
60016,S22,$25.74,$32.82,$39.90,EXEMPT,N02
60107,S22,$25.74,$32.82,$39.90,NON-EXEMPT,P14
60165,S22,$25.74,$32.82,$39.90,NON-EXEMPT,N07
60456,S22,$25.74,$32.82,$39.90,NON-EXEMPT,N45
60478,S22,$25.74,$32.82,$39.90,NON-EXEMPT,N42
60501,S22,$25.74,$32.82,$39.90,EXEMPT,N50
60528,S22,$25.74,$32.82,$39.90,NON-EXEMPT,N45
60547,S22,$25.74,$32.82,$39.90,EXEMPT,N42
60576,S22,$25.74,$32.82,$39.90,EXEMPT,N16
60647,S22,$25.74,$32.82,$39.90,EXEMPT,N45
60671,S22,$25.74,$32.82,$39.90,EXEMPT,N06
60674,S22,$25.74,$32.82,$39.90,EXEMPT,P51
60807,S22,$25.74,$32.82,$39.90,NON-EXEMPT,P14
60835,S22,$25.74,$32.82,$39.90,NON-EXEMPT,P14
60907,S22,$25.74,$32.82,$39.90,NON-EXEMPT,P52
60916,S22,$25.74,$32.82,$39.90,EXEMPT,N16
60950,S22,$25.74,$32.82,$39.90,EXEMPT,N02
61008,S22,$25.74,$32.82,$39.90,NON-EXEMPT,P16
61015,S22,$25.74,$32.82,$39.90,NON-EXEMPT,P16
61102,S22,$25.74,$32.82,$39.90,NON-EXEMPT,P05
61105,S22,$25.74,$32.82,$39.90,EXEMPT,N42
61115,S22,$25.74,$32.82,$39.90,EXEMPT,N45
61213,S22,$25.74,$32.82,$39.90,EXEMPT,L03
61216,S22,$25.74,$32.82,$39.90,EXEMPT,N07
61318,S22,$25.74,$32.82,$39.90,EXEMPT,N25
61413,S22,$25.74,$32.82,$39.90,NON-EXEMPT,P18
61459,S22,$25.74,$32.82,$39.90,NON-EXEMPT,N46
61460,S22,$25.74,$32.82,$39.90,EXEMPT,N02
61475,S22,$25.74,$32.82,$39.90,EXEMPT,N02
61511,S22,$25.74,$32.82,$39.90,EXEMPT,N16
61527,S22,$25.74,$32.82,$39.90,NON-EXEMPT,N45
61547,S22,$25.74,$32.82,$39.90,EXEMPT,N42
61573,S22,$25.74,$32.82,$39.90,NON-EXEMPT,N25
61574,S22,$25.74,$32.82,$39.90,EXEMPT,N44
61588,S22,$25.74,$32.82,$39.90,EXEMPT,N38
61672,S22,$25.74,$32.82,$39.90,EXEMPT,N42
61705,S22,$25.74,$32.82,$39.90,EXEMPT,N27
61751,S22,$25.74,$32.82,$39.90,EXEMPT,L03
62107,S22,$25.74,$32.82,$39.90,NON-EXEMPT,P14
62527,S22,$25.74,$32.82,$39.90,NON-EXEMPT,N45
66094,S22,$25.74,$32.82,$39.90,EXEMPT,N45
67002,S22,$25.74,$32.82,$39.90,EXEMPT,N18
68243,S22,$25.74,$32.82,$39.90,NON-EXEMPT,L03
68289,S22,$25.74,$32.82,$39.90,EXEMPT,N45
68339,S22,$25.74,$32.82,$39.90,EXEMPT,N25
68766,S22,$25.74,$32.82,$39.90,NON-EXEMPT,P05
50924,S23,$27.03,$34.46,$41.90,EXEMPT,P18
51046,S23,$27.03,$34.46,$41.90,EXEMPT,S01
51375,S23,$27.03,$34.46,$41.90,NON-EXEMPT,SP1
58305,S23,$27.03,$34.46,$41.90,EXEMPT,S01
60010,S23,$27.03,$34.46,$41.90,NON-EXEMPT,P22
60034,S23,$27.03,$34.46,$41.90,NON-EXEMPT,P10
60152,S23,$27.03,$34.46,$41.90,NON-EXEMPT,P10
60158,S23,$27.03,$34.46,$41.90,EXEMPT,N50
60200,S23,$27.03,$34.46,$41.90,NON-EXEMPT,P16
60375,S23,$27.03,$34.46,$41.90,EXEMPT,N25
60474,S23,$27.03,$34.46,$41.90,EXEMPT,N02
60477,S23,$27.03,$34.46,$41.90,EXEMPT,N46
60492,S23,$27.03,$34.46,$41.90,EXEMPT,P18
60494,S23,$27.03,$34.46,$41.90,EXEMPT,N46
60498,S23,$27.03,$34.46,$41.90,EXEMPT,N50
60521,S23,$27.03,$34.46,$41.90,EXEMPT,N50
60578,S23,$27.03,$34.46,$41.90,EXEMPT,N21
60597,S23,$27.03,$34.46,$41.90,NON-EXEMPT,P10
60675,S23,$27.03,$34.46,$41.90,EXEMPT,P18
60834,S23,$27.03,$34.46,$41.90,NON-EXEMPT,P10
60855,S23,$27.03,$34.46,$41.90,NON-EXEMPT,P14
60856,S23,$27.03,$34.46,$41.90,NON-EXEMPT,P14
60960,S23,$27.03,$34.46,$41.90,EXEMPT,N27
60992,S23,$27.03,$34.46,$41.90,EXEMPT,N50
60993,S23,$27.03,$34.46,$41.90,EXEMPT,N46
61003,S23,$27.03,$34.46,$41.90,EXEMPT,N02
61050,S23,$27.03,$34.46,$41.90,EXEMPT,N02
61104,S23,$27.03,$34.46,$41.90,NON-EXEMPT,P05
61106,S23,$27.03,$34.46,$41.90,NON-EXEMPT,P05
61278,S23,$27.03,$34.46,$41.90,EXEMPT,N50
61279,S23,$27.03,$34.46,$41.90,EXEMPT,N02
61282,S23,$27.03,$34.46,$41.90,EXEMPT,N50
61370,S23,$27.03,$34.46,$41.90,EXEMPT,N25
61378,S23,$27.03,$34.46,$41.90,EXEMPT,N16
61483,S23,$27.03,$34.46,$41.90,EXEMPT,N50
61538,S23,$27.03,$34.46,$41.90,NON-EXEMPT,N45
61575,S23,$27.03,$34.46,$41.90,EXEMPT,N44
61578,S23,$27.03,$34.46,$41.90,EXEMPT,N50
61611,S23,$27.03,$34.46,$41.90,NON-EXEMPT,P18
61714,S23,$27.03,$34.46,$41.90,EXEMPT,P18
61730,S23,$27.03,$34.46,$41.90,EXEMPT,N50
61781,S23,$27.03,$34.46,$41.90,NON-EXEMPT,P10
61899,S23,$27.03,$34.46,$41.90,NON-EXEMPT,P16
61969,S23,$27.03,$34.46,$41.90,NON-EXEMPT,P16
62611,S23,$27.03,$34.46,$41.90,NON-EXEMPT,P18
51286,S24,$28.38,$36.18,$43.99,EXEMPT,S01
51355,S24,$28.38,$36.18,$43.99,EXEMPT,SP1
51443,S24,$28.38,$36.18,$43.99,EXEMPT,S01
58304,S24,$28.38,$36.18,$43.99,EXEMPT,S01
60102,S24,$28.38,$36.18,$43.99,NON-EXEMPT,P18
60480,S24,$28.38,$36.18,$43.99,EXEMPT,N29
60503,S24,$28.38,$36.18,$43.99,EXEMPT,N25
60560,S24,$28.38,$36.18,$43.99,EXEMPT,N16
60598,S24,$28.38,$36.18,$43.99,NON-EXEMPT,P10
60610,S24,$28.38,$36.18,$43.99,NON-EXEMPT,P10
60611,S24,$28.38,$36.18,$43.99,EXEMPT,P18
60637,S24,$28.38,$36.18,$43.99,EXEMPT,P18
60681,S24,$28.38,$36.18,$43.99,EXEMPT,P18
60706,S24,$28.38,$36.18,$43.99,EXEMPT,N27
60983,S24,$28.38,$36.18,$43.99,EXEMPT,"FLSA, Title & Pay Grade changes 12/28/22 TG"
61022,S24,$28.38,$36.18,$43.99,EXEMPT,N25
61024,S24,$28.38,$36.18,$43.99,EXEMPT,
61157,S24,$28.38,$36.18,$43.99,NON-EXEMPT,N45
61162,S24,$28.38,$36.18,$43.99,NON-EXEMPT,P05
61239,S24,$28.38,$36.18,$43.99,EXEMPT,N02
61262,S24,$28.38,$36.18,$43.99,EXEMPT,N25
61263,S24,$28.38,$36.18,$43.99,EXEMPT,N07
61286,S24,$28.38,$36.18,$43.99,EXEMPT,S01
61319,S24,$28.38,$36.18,$43.99,EXEMPT,N25
61328,S24,$28.38,$36.18,$43.99,EXEMPT,P18
61329,S24,$28.38,$36.18,$43.99,EXEMPT,P18
61330,S24,$28.38,$36.18,$43.99,NON-EXEMPT,P51
61350,S24,$28.38,$36.18,$43.99,EXEMPT,N25
61363,S24,$28.38,$36.18,$43.99,EXEMPT,N38
61469,S24,$28.38,$36.18,$43.99,EXEMPT,P18
61470,S24,$28.38,$36.18,$43.99,EXEMPT,N02
61577,S24,$28.38,$36.18,$43.99,NON-EXEMPT,N28
61583,S24,$28.38,$36.18,$43.99,EXEMPT,N21
61615,S24,$28.38,$36.18,$43.99,EXEMPT,N45
61622,S24,$28.38,$36.18,$43.99,EXEMPT,P05
61675,S24,$28.38,$36.18,$43.99,EXEMPT,P18
61713,S24,$28.38,$36.18,$43.99,EXEMPT,N50
61902,S24,$28.38,$36.18,$43.99,EXEMPT,N43
62194,S24,$28.38,$36.18,$43.99,EXEMPT,
62330,S24,$28.38,$36.18,$43.99,NON-EXEMPT,P51
62577,S24,$28.38,$36.18,$43.99,NON-EXEMPT,N28
62706,S24,$28.38,$36.18,$43.99,NON-EXEMPT,N27
68295,S24,$28.38,$36.18,$43.99,EXEMPT,N16
68302,S24,$28.38,$36.18,$43.99,EXEMPT,N25
68892,S24,$28.38,$36.18,$43.99,NON-EXEMPT,P05
51679,S25,$29.80,$37.99,$46.19,EXEMPT,S01
60099,S25,$29.80,$37.99,$46.19,EXEMPT,N25
60465,S25,$29.80,$37.99,$46.19,EXEMPT,N16
60473,S25,$29.80,$37.99,$46.19,EXEMPT,N16
60518,S25,$29.80,$37.99,$46.19,NON-EXEMPT,P05
60519,S25,$29.80,$37.99,$46.19,EXEMPT,N50
60720,S25,$29.80,$37.99,$46.19,NON-EXEMPT,R05
60815,S25,$29.80,$37.99,$46.19,EXEMPT,P18
61202,S25,$29.80,$37.99,$46.19,EXEMPT,N27
61215,S25,$29.80,$37.99,$46.19,EXEMPT,P20
61280,S25,$29.80,$37.99,$46.19,EXEMPT,N02
61309,S25,$29.80,$37.99,$46.19,EXEMPT,N25
61347,S25,$29.80,$37.99,$46.19,EXEMPT,P22
61400,S25,$29.80,$37.99,$46.19,EXEMPT,P18
61404,S25,$29.80,$37.99,$46.19,EXEMPT,P18
61415,S25,$29.80,$37.99,$46.19,EXEMPT,N16
61458,S25,$29.80,$37.99,$46.19,EXEMPT,N02
61474,S25,$29.80,$37.99,$46.19,EXEMPT,P59
61695,S25,$29.80,$37.99,$46.19,NON-EXEMPT,N28
61712,S25,$29.80,$37.99,$46.19,EXEMPT,P18
61755,S25,$29.80,$37.99,$46.19,EXEMPT,N27
61766,S25,$29.80,$37.99,$46.19,NON-EXEMPT,N45
61889,S25,$29.80,$37.99,$46.19,NON-EXEMPT,P51
62573,S25,$29.80,$37.99,$46.19,EXEMPT,N29
62586,S25,$29.80,$37.99,$46.19,NON-EXEMPT,P18
62695,S25,$29.80,$37.99,$46.19,NON-EXEMPT,N28
62712,S25,$29.80,$37.99,$46.19,NON-EXEMPT,P18
62889,S25,$29.80,$37.99,$46.19,NON-EXEMPT,P51
68682,S25,$29.80,$37.99,$46.19,EXEMPT,P18
50009,S26,$31.29,$39.89,$48.50,EXEMPT,S01
51233,S26,$31.29,$39.89,$48.50,NON-EXEMPT,SP1
51453,S26,$31.29,$39.89,$48.50,EXEMPT,SP1
51518,S26,$31.29,$39.89,$48.50,EXEMPT,S01
51737,S26,$31.29,$39.89,$48.50,EXEMPT,S01
60119,S26,$31.29,$39.89,$48.50,NON-EXEMPT,P16
60161,S26,$31.29,$39.89,$48.50,NON-EXEMPT,P10
60219,S26,$31.29,$39.89,$48.50,NON-EXEMPT,P16
60379,S26,$31.29,$39.89,$48.50,EXEMPT,N50
60906,S26,$31.29,$39.89,$48.50,EXEMPT,N16
60961,S26,$31.29,$39.89,$48.50,NON-EXEMPT,P10
60978,S26,$31.29,$39.89,$48.50,EXEMPT,N50
61001,S26,$31.29,$39.89,$48.50,NON-EXEMPT,P16
61005,S26,$31.29,$39.89,$48.50,NON-EXEMPT,P16
61007,S26,$31.29,$39.89,$48.50,NON-EXEMPT,P16
61023,S26,$31.29,$39.89,$48.50,NON-EXEMPT,P16
61201,S26,$31.29,$39.89,$48.50,EXEMPT,N27
61289,S26,$31.29,$39.89,$48.50,EXEMPT,N25
61369,S26,$31.29,$39.89,$48.50,EXEMPT,N25
61376,S26,$31.29,$39.89,$48.50,EXEMPT,N16
61461,S26,$31.29,$39.89,$48.50,EXEMPT,N16
61652,S26,$31.29,$39.89,$48.50,EXEMPT,N27
61683,S26,$31.29,$39.89,$48.50,EXEMPT,N50
61686,S26,$31.29,$39.89,$48.50,EXEMPT,N50
61696,S26,$31.29,$39.89,$48.50,EXEMPT,N50
61723,S26,$31.29,$39.89,$48.50,EXEMPT,N25
61809,S26,$31.29,$39.89,$48.50,EXEMPT,N50
61961,S26,$31.29,$39.89,$48.50,NON-EXEMPT,P10
61978,S26,$31.29,$39.89,$48.50,NON-EXEMPT,P16
61988,S26,$31.29,$39.89,$48.50,EXEMPT,N50
62024,S26,$31.29,$39.89,$48.50,NON-EXEMPT,P16
64451,S26,$31.29,$39.89,$48.50,EXEMPT,N25
65100,S26,$31.29,$39.89,$48.50,NON-EXEMPT,N16
51000,S27,$32.85,$41.89,$50.92,EXEMPT,S01
51329,S27,$32.85,$41.89,$50.92,EXEMPT,SP1
51569,S27,$32.85,$41.89,$50.92,EXEMPT,SP1
51604,S27,$32.85,$41.89,$50.92,EXEMPT,SR1
60120,S27,$32.85,$41.89,$50.92,NON-EXEMPT,P16
60285,S27,$32.85,$41.89,$50.92,NON-EXEMPT,N16
60475,S27,$32.85,$41.89,$50.92,EXEMPT,N21
60485,S27,$32.85,$41.89,$50.92,EXEMPT,N16
60967,S27,$32.85,$41.89,$50.92,EXEMPT,N02
60994,S27,$32.85,$41.89,$50.92,EXEMPT,N50
61010,S27,$32.85,$41.89,$50.92,NON-EXEMPT,P22
61243,S27,$32.85,$41.89,$50.92,EXEMPT,N38
61261,S27,$32.85,$41.89,$50.92,EXEMPT,N44
61327,S27,$32.85,$41.89,$50.92,EXEMPT,N16
61349,S27,$32.85,$41.89,$50.92,EXEMPT,N25
61560,S27,$32.85,$41.89,$50.92,EXEMPT,P63
61585,S27,$32.85,$41.89,$50.92,EXEMPT,N21
61597,S27,$32.85,$41.89,$50.92,EXEMPT,N27
61602,S27,$32.85,$41.89,$50.92,NON-EXEMPT,P05
61666,S27,$32.85,$41.89,$50.92,EXEMPT,P13
61710,S27,$32.85,$41.89,$50.92,EXEMPT,N27
61756,S27,$32.85,$41.89,$50.92,NON-EXEMPT,N27
62004,S27,$32.85,$41.89,$50.92,NON-EXEMPT,P16
62005,S27,$32.85,$41.89,$50.92,NON-EXEMPT,P16
62023,S27,$32.85,$41.89,$50.92,NON-EXEMPT,P16
68209,S27,$32.85,$41.89,$50.92,EXEMPT,N27
50375,S28,$34.49,$43.98,$53.46,EXEMPT,N21
50590,S28,$34.49,$43.98,$53.46,NON-EXEMPT,SP1
51028,S28,$34.49,$43.98,$53.46,EXEMPT,SP1
51219,S28,$34.49,$43.98,$53.46,NON-EXEMPT,SP1
51228,S28,$34.49,$43.98,$53.46,EXEMPT,S01
51257,S28,$34.49,$43.98,$53.46,NON-EXEMPT,SP1
51512,S28,$34.49,$43.98,$53.46,EXEMPT,S01
51888,S28,$34.49,$43.98,$53.46,NON-EXEMPT,S01
60147,S28,$34.49,$43.98,$53.46,NON-EXEMPT,P13
60148,S28,$34.49,$43.98,$53.46,NON-EXEMPT,P13
60580,S28,$34.49,$43.98,$53.46,EXEMPT,N27
60964,S28,$34.49,$43.98,$53.46,NON-EXEMPT,P10
60988,S28,$34.49,$43.98,$53.46,EXEMPT,N50
61167,S28,$34.49,$43.98,$53.46,EXEMPT,P13
61168,S28,$34.49,$43.98,$53.46,EXEMPT,P13
61265,S28,$34.49,$43.98,$53.46,EXEMPT,N44
61342,S28,$34.49,$43.98,$53.46,EXEMPT,N25
61348,S28,$34.49,$43.98,$53.46,EXEMPT,N25
61352,S28,$34.49,$43.98,$53.46,EXEMPT,N27
61388,S28,$34.49,$43.98,$53.46,EXEMPT,N27
62147,S28,$34.49,$43.98,$53.46,NON-EXEMPT,P13
62148,S28,$34.49,$43.98,$53.46,NON-EXEMPT,P13
50591,S29,$36.22,$46.18,$56.14,NON-EXEMPT,SP1
60146,S29,$36.22,$46.18,$56.14,NON-EXEMPT,P13
61166,S29,$36.22,$46.18,$56.14,EXEMPT,P13
61307,S29,$36.22,$46.18,$56.14,EXEMPT,N50
61463,S29,$36.22,$46.18,$56.14,EXEMPT,N16
61500,S29,$36.22,$46.18,$56.14,EXEMPT,P59
61509,S29,$36.22,$46.18,$56.14,EXEMPT,N10
61544,S29,$36.22,$46.18,$56.14,EXEMPT,N21
61694,S29,$36.22,$46.18,$56.14,EXEMPT,R22
62146,S29,$36.22,$46.18,$56.14,NON-EXEMPT,P13
68293,S29,$36.22,$46.18,$56.14,EXEMPT,N27
51517,S30,$38.03,$48.49,$58.95,EXEMPT,S01
60001,S30,$38.03,$48.49,$58.95,NON-EXEMPT,N27
60386,S30,$38.03,$48.49,$58.95,EXEMPT,N27
60396,S30,$38.03,$48.49,$58.95,EXEMPT,N27
60972,S30,$38.03,$48.49,$58.95,EXEMPT,N27
61182,S30,$38.03,$48.49,$58.95,EXEMPT,P13
61236,S30,$38.03,$48.49,$58.95,NON-EXEMPT,E01
61275,S30,$38.03,$48.49,$58.95,EXEMPT,P13
61276,S30,$38.03,$48.49,$58.95,EXEMPT,P13
61684,S30,$38.03,$48.49,$58.95,EXEMPT,N42
61703,S30,$38.03,$48.49,$58.95,EXEMPT,N42
50558,S31,$39.93,$50.91,$61.89,EXEMPT,SP1
50650,S31,$39.93,$50.91,$61.89,EXEMPT,S01
61232,S31,$39.93,$50.91,$61.89,EXEMPT,P18
61274,S31,$39.93,$50.91,$61.89,EXEMPT,P13
61529,S31,$39.93,$50.91,$61.89,EXEMPT,N10
51266,S32,$41.84,$53.34,$64.85,EXEMPT,SP1
61704,S32,$41.84,$53.34,$64.85,EXEMPT,N42
59131,S33,$44.02,$56.13,$68.23,EXEMPT,S01
60569,S33,$44.02,$56.13,$68.23,EXEMPT,P56
61147,S33,$44.02,$56.13,$68.23,EXEMPT,N50
61805,S35,$48.54 ,$61.89 ,$75.24 ,EXEMPT,N46
61398,S37,$53.51,$68.23,$82.94,NON-EXEMPT,P16
61462,S37,$53.51,$68.23,$82.94,EXEMPT,P19
62006,S37,$53.51,$68.23,$82.94,NON-EXEMPT,P16
61502,S41,$65.04,$82.93,$100.81,EXEMPT,P19
61548,S41,$65.04,$82.93,$100.81,EXEMPT,P01
62548,S41,$65.04,$82.93,$100.81,NON-EXEMPT,P01
61503,S44,$75.30,$96.00,$116.72,EXEMPT,P19
54926,S45,$79.06,$100.80,$122.54,EXEMPT,SP1
,,,,,,
,,,,"$134,888.00",,
,,,,,,
,,,,,,
,,,,,,
,,,,,,
,,,,,,
,,,,,,
,,,,,,
,,,,,,
,,,,,,
,,,,,,
,,,,,,
,,,,,,
,,,,,,
,,,,,,
,,,,,,
,,,,,,
,,,,,,
,,,,,,
,,,,,,
,,,,,,
,,,,,,
,,,,,,
,,,,,,
,,,,,,
,,,,,,
,,,,,,
,,,,,,
,,,,,,
,,,,,,
,,,,,,
,,,,,,
,,,,,,
,,,,,,
,,,,,,
,,,,,,
,,,,,,
,,,,,,
,,,,,,
,,,,,,
,,,,,,
,,,,,,
,,,,,,
,,,,,,
,,,,,,
,,,,,,
,,,,,,
,,,,,,
,,,,,,
,,,,,,
,,,,,,
,,,,,,
,,,,,,
,,,,,,
,,,,,,
,,,,,,
,,,,,,
,,,,,,
,,,,,,
,,,,,,
,,,,,,
,,,,,,
,,,,,,
,,,,,,
,,,,,,
,,,,,,
,,,,,,
,,,,,,
,,,,,,
,,,,,,
,,,,,,
,,,,,,
,,,,,,
,,,,,,
,,,,,,
,,,,,,
,,,,,,
,,,,,,
,,,,,,
,,,,,,
,,,,,,
,,,,,,
,,,,,,
,,,,,,
,,,,,,
,,,,,,
,,,,,,
,,,,,,
,,,,,,
,,,,,,
,,,,,,
,,,,,,
,,,,,,
,,,,,,
,,,,,,
,,,,,,
,,,,,,
,,,,,,
,,,,,,
,,,,,,
,,,,,,
,,,,,,
,,,,,,
,,,,,,
,,,,,,
,,,,,,
,,,,,,
,,,,,,
,,,,,,
,,,,,,
,,,,,,
,,,,,,
,,,,,,
,,,,,,
,,,,,,
,,,,,,
,,,,,,
,,,,,,
,,,,,,
,,,,,,
,,,,,,
,,,,,,
,,,,,,
,,,,,,
,,,,,,
,,,,,,
,,,,,,
,,,,,,
,,,,,,
,,,,,,
,,,,,,
,,,,,,
,,,,,,
,,,,,,
,,,,,,
,,,,,,
,,,,,,
,,,,,,
,,,,,,
,,,,,,
,,,,,,
,,,,,,
,,,,,,
,,,,,,
,,,,,,
,,,,,,
,,,,,,
,,,,,,
,,,,,,
,,,,,,
,,,,,,
,,,,,,
,,,,,,
,,,,,,
,,,,,,
,,,,,,
,,,,,,
,,,,,,
,,,,,,
,,,,,,
,,,,,,
,,,,,,
,,,,,,
,,,,,,
,,,,,,
,,,,,,
,,,,,,
,,,,,,
,,,,,,
,,,,,,
,,,,,,
,,,,,,
,,,,,,
,,,,,,
,,,,,,
,,,,,,
,,,,,,
,,,,,,
,,,,,,
,,,,,,
,,,,,,
,,,,,,
,,,,,,
,,,,,,
,,,,,,
,,,,,,
,,,,,,
,,,,,,
,,,,,,
,,,,,,
,,,,,,
,,,,,,
,,,,,,
,,,,,,
,,,,,,
,,,,,,
,,,,,,
,,,,,,
,,,,,,
,,,,,,
,,,,,,
,,,,,,
,,,,,,
,,,,,,
,,,,,,
,,,,,,
,,,,,,
,,,,,,
,,,,,,
,,,,,,
,,,,,,
,,,,,,
,,,,,,
,,,,,,
,,,,,,
,,,,,,
,,,,,,
,,,,,,
,,,,,,
,,,,,,
,,,,,,
,,,,,,
,,,,,,
,,,,,,
,,,,,,
,,,,,,
,,,,,,
,,,,,,
,,,,,,
,,,,,,
,,,,,,
,,,,,,
,,,,,,
,,,,,,
,,,,,,
,,,,,,
,,,,,,
,,,,,,
,,,,,,
,,,,,,
,,,,,,
,,,,,,
,,,,,,
,,,,,,
,,,,,,
,,,,,,
,,,,,,
,,,,,,
,,,,,,
,,,,,,
,,,,,,
,,,,,,
,,,,,,
,,,,,,
,,,,,,
,,,,,,
,,,,,,
,,,,,,
,,,,,,
,,,,,,
,,,,,,
,,,,,,
,,,,,,
,,,,,,
,,,,,,
,,,,,,
,,,,,,
,,,,,,
,,,,,,
,,,,,,
,,,,,,
,,,,,,
,,,,,,
,,,,,,
,,,,,,
,,,,,,
,,,,,,
,,,,,,
,,,,,,
,,,,,,
,,,,,,
,,,,,,
,,,,,,
,,,,,,
,,,,,,
,,,,,,
,,,,,,
,,,,,,
,,,,,,
,,,,,,
,,,,,,
,,,,,,
,,,,,,
,,,,,,
,,,,,,
,,,,,,
,,,,,,
,,,,,,
,,,,,,
,,,,,,
,,,,,,
,,,,,,
,,,,,,
,,,,,,
,,,,,,
,,,,,,
,,,,,,
,,,,,,
,,,,,,
,,,,,,
,,,,,,
,,,,,,
,,,,,,
,,,,,,
,,,,,,
,,,,,,
,,,,,,
,,,,,,
,,,,,,
,,,,,,
,,,,,,
,,,,,,
,,,,,,
,,,,,,
,,,,,,
,,,,,,
,,,,,,
,,,,,,
,,,,,,
,,,,,,
,,,,,,
,,,,,,
,,,,,,
,,,,,,
,,,,,,
,,,,,,
,,,,,,
,,,,,,
,,,,,,
,,,,,,
,,,,,,
,,,,,,
,,,,,,
,,,,,,
,,,,,,
,,,,,,
,,,,,,
,,,,,,
,,,,,,
,,,,,,
,,,,,,
,,,,,,
,,,,,,
,,,,,,
,,,,,,
,,,,,,
,,,,,,
,,,,,,
,,,,,,
,,,,,,
,,,,,,
,,,,,,
,,,,,,
,,,,,,
,,,,,,
,,,,,,
,,,,,,
,,,,,,
,,,,,,
,,,,,,
,,,,,,
,,,,,,
,,,,,,
,,,,,,
,,,,,,
,,,,,,
,,,,,,
,,,,,,
,,,,,,
,,,,,,
,,,,,,
